num,word1,word2,related,comment,src
1,аватар,человек,?,,ae2.csv
1,бицепс,герой,?,,ae2.csv
1,бицепс,движение,?,,ae2.csv
1,бицепс,медаль,?,,ae2.csv
1,буханка,премия,?,,ae2.csv
1,глупость,носитель,?,,ae2.csv
1,глупость,предел,?,,ae2.csv
1,глупость,выборы,?,,ae2.csv
1,глупость,перевод,?,,ae2.csv
1,грация,футболист,?,,ae2.csv
1,грация,солдат,?,,ae2.csv
1,грация,сцена,?,,ae2.csv
1,дерьмо,музыкант,?,,ae2.csv
1,дерьмо,творчество,?,,ae2.csv
1,дерьмо,пол,?,,ae2.csv
1,дерьмо,договор,?,,ae2.csv
1,дерьмо,композитор,?,,ae2.csv
1,дерьмо,концерт,?,,ae2.csv
1,дерьмо,наличие,?,,ae2.csv
1,дерьмо,деньги,?,,ae2.csv
1,днк,опыт,?,,ae2.csv
1,днк,исток,?,,ae2.csv
1,закладка,диссертация,?,,ae2.csv
1,знахарь,крест,?,,ae2.csv
1,знахарь,курсы,?,,ae2.csv
1,качка,экипаж,?,,ae2.csv
1,культура,консерватория,?,,ae2.csv
1,культура,видео,?,,ae2.csv
1,латы,деталь,?,,ae2.csv
1,ложь,чувство,?,,ae2.csv
1,невезение,катастрофа,?,,ae2.csv
1,олимпиада,корреспондент,?,,ae2.csv
1,олимпиада,магистр,?,,ae2.csv
1,планета,останки,?,,ae2.csv
1,попугай,жук,?,,ae2.csv
1,попугай,общение,?,,ae2.csv
1,попугай,собака,?,,ae2.csv
1,производство,уголь,?,,ae2.csv
1,производство,фаза,?,,ae2.csv
1,производство,земледелие,?,,ae2.csv
1,производство,планировка,?,,ae2.csv
1,робот,математик,?,,ae2.csv
1,учебник,грант,?,,ae2.csv
1,учебник,инструкция,?,,ae2.csv
1,хурма,выращивание,?,,ae2.csv
1,армия,человек,?,,ae.csv
1,армия,часть,?,,ae.csv
1,армия,группа,?,,ae.csv
1,армия,мир,?,,ae.csv
1,армия,страна,?,,ae.csv
1,армия,ссср,?,,ae.csv
1,армия,сша,?,,ae.csv
1,армия,университет,?,,ae.csv
1,давление,поддержка,?,,ae.csv
1,квадрат,знак,?,,ae.csv
1,квадрат,объем,?,,ae.csv
1,квадрат,картина,?,,ae.csv
1,отпуск,раунд,?,,ae.csv
1,процесс,старт,?,,ae.csv
1,речь,вокал,?,,ae.csv
1,речь,строка,?,,ae.csv
1,речь,пропаганда,?,,ae.csv
1,речь,приговор,?,,ae.csv
1,школа,преподавание,?,,ae.csv
1,аплодисменты,культура,?,,rt.csv
1,болван,преподаватель,?,,rt.csv
1,видение,расположение,?,,rt.csv
1,внесение,заказ,?,,rt.csv
1,внесение,вход,?,,rt.csv
1,вспоминание,мозг,?,,rt.csv
1,вспоминание,ощущение,?,,rt.csv
1,вспоминание,расстройство,?,,rt.csv
1,вспоминание,повторение,?,,rt.csv
1,выдворение,слияние,?,,rt.csv
1,выстраивание,прекращение,?,,rt.csv
1,выстраивание,подавление,?,,rt.csv
1,генсек,ввс,?,,rt.csv
1,генсек,пулемет,?,,rt.csv
1,гидротехника,болото,?,,rt.csv
1,год,хранение,?,,rt.csv
1,горловой,звучание,?,,rt.csv
1,горловой,рот,?,,rt.csv
1,дешифрование,ноль,?,,rt.csv
1,дешифрование,подпись,?,,rt.csv
1,дешифрование,алфавит,?,,rt.csv
1,дешифрование,послание,?,,rt.csv
1,дешифрование,аббревиатура,?,,rt.csv
1,дольщик,горожанин,?,,rt.csv
1,дольщик,бизнесмен,?,,rt.csv
1,доставка,награждение,?,,rt.csv
1,европеец,голландия,?,,rt.csv
1,европеец,мадрид,?,,rt.csv
1,европеец,венеция,?,,rt.csv
1,европеец,проживание,?,,rt.csv
1,жэк,товарищество,?,,rt.csv
1,заполнение,избиратель,?,,rt.csv
1,зоркость,мышление,?,,rt.csv
1,инкери,нева,?,,rt.csv
1,инфекция,роды,?,,rt.csv
1,инфекция,покойный,?,,rt.csv
1,каланча,астрономия,?,,rt.csv
1,карусель,горка,?,,rt.csv
1,клейка,осколок,?,,rt.csv
1,книжка,прозаик,?,,rt.csv
1,книжка,шахматы,?,,rt.csv
1,колбаса,корова,?,,rt.csv
1,купля,касса,?,,rt.csv
1,купля,недвижимость,?,,rt.csv
1,купля,собственник,?,,rt.csv
1,лицеист,консультация,?,,rt.csv
1,медиахолдинг,мтс,?,,rt.csv
1,микробиология,бактерия,?,,rt.csv
1,минтранс,электропоезд,?,,rt.csv
1,начисление,уплата,?,,rt.csv
1,падение,анп,?,,rt.csv
1,падение,рид,?,,rt.csv
1,писательница,особа,?,,rt.csv
1,подспорье,припасы,?,,rt.csv
1,покровитель,фрегезия,?,,rt.csv
1,покровитель,литорал,?,,rt.csv
1,полоцк,луки,?,,rt.csv
1,поп,идол,?,,rt.csv
1,посыльный,шифр,?,,rt.csv
1,пояснение,википедия,?,,rt.csv
1,пояснение,переложение,?,,rt.csv
1,представительство,лидс,?,,rt.csv
1,представительство,пауэр,?,,rt.csv
1,представительство,мехмед,?,,rt.csv
1,прихожанин,келья,?,,rt.csv
1,продуктивность,усердие,?,,rt.csv
1,пьяница,канава,?,,rt.csv
1,разочарование,снукер,?,,rt.csv
1,распря,льеж,?,,rt.csv
1,распря,медина,?,,rt.csv
1,распря,триполи,?,,rt.csv
1,растопка,хенрик,?,,rt.csv
1,ребеночек,аниматор,?,,rt.csv
1,ребеночек,семейка,?,,rt.csv
1,родстер,монте-карло,?,,rt.csv
1,родстер,хайнц,?,,rt.csv
1,родстер,пробел,?,,rt.csv
1,родстер,люкс,?,,rt.csv
1,родстер,издержки,?,,rt.csv
1,родстер,клык,?,,rt.csv
1,рубец,инъекция,?,,rt.csv
1,рубец,укус,?,,rt.csv
1,сближение,луцк,?,,rt.csv
1,священник,жандарм,?,,rt.csv
1,священник,каноник,?,,rt.csv
1,синица,гнездование,?,,rt.csv
1,слежение,ицхак,?,,rt.csv
1,слежение,энрико,?,,rt.csv
1,слежение,тито,?,,rt.csv
1,смс,мун,?,,rt.csv
1,согласование,взаимопонимание,?,,rt.csv
1,соображение,хавьер,?,,rt.csv
1,соображение,пур,?,,rt.csv
1,соображение,рамон,?,,rt.csv
1,соображение,коллинза,?,,rt.csv
1,соображение,сидни,?,,rt.csv
1,соображение,грос,?,,rt.csv
1,соображение,лейн,?,,rt.csv
1,соображение,хаим,?,,rt.csv
1,спб,аугсбург,?,,rt.csv
1,схема,серра,?,,rt.csv
1,тень,тонг,?,,rt.csv
1,тьма,алонсо,?,,rt.csv
1,тьма,альто,?,,rt.csv
1,уговор,санс,?,,rt.csv
1,укрепление,хопер,?,,rt.csv
1,укрепление,тюбинген,?,,rt.csv
1,укрепление,вага,?,,rt.csv
1,укрепление,валль,?,,rt.csv
1,укрепление,каштел,?,,rt.csv
1,укрепление,астон,?,,rt.csv
1,укрепление,аба,?,,rt.csv
1,укрепление,унр,?,,rt.csv
1,урожай,мсоп,?,,rt.csv
1,утро,хуниорс,?,,rt.csv
1,утро,уондерерс,?,,rt.csv
1,финиш,манфред,?,,rt.csv
1,финиш,джеральд,?,,rt.csv
1,финиш,хэм,?,,rt.csv
1,финиш,суррей,?,,rt.csv
1,франция,мерт,?,,rt.csv
1,франция,гвидо,?,,rt.csv
1,хлопок,кюсю,?,,rt.csv
1,хлопок,ганя,?,,rt.csv
1,хрупкость,тонкость,?,,rt.csv
1,челнок,боро,?,,rt.csv
1,челнок,бронкс,?,,rt.csv
1,чилиец,васко,?,,rt.csv
1,шар,тодд,?,,rt.csv
1,шар,фелипе,?,,rt.csv
1,шар,равенна,?,,rt.csv
1,эстамп,агнес,?,,rt.csv
1,ягода,коктейль,?,,rt.csv
1,глупость,джон,1,,ae2.csv
1,глупость,князь,1,,ae2.csv
1,дантес,поэт,1,,ae2.csv
1,кораблекрушение,судно,1,,ae2.csv
1,крейсер,поезд,1,,ae2.csv
1,культура,телесериал,1,,ae2.csv
1,культура,поведение,1,,ae2.csv
1,латы,боец,1,,ae2.csv
1,невезение,неудача,1,,ae2.csv
1,робот,механика,1,,ae2.csv
1,скульптура,комбинация,1,,ae2.csv
1,флегматик,натура,1,,ae2.csv
1,хурма,сосна,1,,ae2.csv
1,черешня,дуб,1,,ae2.csv
1,армия,война,1,,ae.csv
1,армия,военный,1,,ae.csv
1,квадрат,функция,1,,ae.csv
1,москва,индия,1,,ae.csv
1,процесс,преобразование,1,,ae.csv
1,процесс,взрыв,1,,ae.csv
1,процесс,расследование,1,,ae.csv
1,процесс,чтение,1,,ae.csv
1,процесс,продвижение,1,,ae.csv
1,процесс,оборот,1,,ae.csv
1,процесс,доклад,1,,ae.csv
1,процесс,закрытие,1,,ae.csv
1,процесс,разделение,1,,ae.csv
1,процесс,пересечение,1,,ae.csv
1,речь,звучание,1,,ae.csv
1,речь,поэма,1,,ae.csv
1,вольница,подчинение,1,,rt.csv
1,выдворение,ликвидация,1,,rt.csv
1,гидротехника,водоем,1,,rt.csv
1,европеец,афроамериканец,1,,rt.csv
1,европеец,азиат,1,,rt.csv
1,изувер,господь,1,,rt.csv
1,итр,зарплата,1,,rt.csv
1,итр,чертеж,1,,rt.csv
1,итр,станок,1,,rt.csv
1,итр,трактор,1,,rt.csv
1,итр,снаряжение,1,,rt.csv
1,итр,механизация,1,,rt.csv
1,кейптаун,женева,1,,rt.csv
1,книжка,брошюра,1,,rt.csv
1,книжка,островский,1,,rt.csv
1,комиссар,штабс-капитан,1,,rt.csv
1,косточка,ребро,1,,rt.csv
1,кремнезем,известняк,1,,rt.csv
1,лампочка,электричество,1,,rt.csv
1,лампочка,лампа,1,,rt.csv
1,лампочка,фара,1,,rt.csv
1,начисление,убыток,1,,rt.csv
1,однокашник,одноклассник,1,,rt.csv
1,падение,фигурист,1,,rt.csv
1,педиатр,амбулатория,1,,rt.csv
1,переутомление,усталость,1,,rt.csv
1,переутомление,стресс,1,,rt.csv
1,подспорье,стимул,1,,rt.csv
1,подспорье,мотивация,1,,rt.csv
1,поп,иерей,1,,rt.csv
1,посыльный,открытка,1,,rt.csv
1,представительство,атташе,1,,rt.csv
1,прихожанин,клир,1,,rt.csv
1,священник,индуист,1,,rt.csv
1,синица,журавль,1,,rt.csv
1,слежение,видеокамера,1,,rt.csv
1,эстамп,рембрандт,1,,rt.csv
1,эстамп,рисовальщик,1,,rt.csv
1,аватар,год,,,ae2.csv
1,аватар,время,,,ae2.csv
1,аватар,район,,,ae2.csv
1,аватар,состав,,,ae2.csv
1,аватар,население,,,ae2.csv
1,аметист,работа,,,ae2.csv
1,аметист,конец,,,ae2.csv
1,арест,образование,,,ae2.csv
1,арест,деревня,,,ae2.csv
1,базар,женщина,,,ae2.csv
1,базар,язык,,,ae2.csv
1,базар,земля,,,ae2.csv
1,базар,сила,,,ae2.csv
1,базар,участник,,,ae2.csv
1,базар,книга,,,ae2.csv
1,безбрежность,сборник,,,ae2.csv
1,бицепс,карьера,,,ae2.csv
1,бицепс,большинство,,,ae2.csv
1,бицепс,франция,,,ae2.csv
1,бицепс,граница,,,ae2.csv
1,бицепс,украина,,,ae2.csv
1,братва,условие,,,ae2.csv
1,братва,производство,,,ae2.csv
1,буханка,мать,,,ae2.csv
1,вернадский,борьба,,,ae2.csv
1,вернадский,труд,,,ae2.csv
1,вернадский,отделение,,,ae2.csv
1,вернадский,итог,,,ae2.csv
1,вернадский,отличие,,,ae2.csv
1,вернадский,средство,,,ae2.csv
1,водопровод,основание,,,ae2.csv
1,водопровод,председатель,,,ae2.csv
1,водопровод,событие,,,ae2.csv
1,водопровод,альбом,,,ae2.csv
1,водопровод,звезда,,,ae2.csv
1,водопровод,уезд,,,ae2.csv
1,водопровод,положение,,,ae2.csv
1,водопровод,статья,,,ae2.csv
1,выброс,коммуна,,,ae2.csv
1,выброс,ученик,,,ae2.csv
1,гдр,объект,,,ae2.csv
1,гдр,подготовка,,,ae2.csv
1,глупость,курс,,,ae2.csv
1,глупость,основатель,,,ae2.csv
1,глупость,проведение,,,ae2.csv
1,глупость,минута,,,ae2.csv
1,глупость,открытие,,,ae2.csv
1,глупость,англия,,,ae2.csv
1,глупость,спорт,,,ae2.csv
1,глупость,титул,,,ae2.csv
1,глупость,ширина,,,ae2.csv
1,глупость,срок,,,ae2.csv
1,грация,сеть,,,ae2.csv
1,грация,техника,,,ae2.csv
1,грация,автодорога,,,ae2.csv
1,дантес,назначение,,,ae2.csv
1,дантес,азия,,,ae2.csv
1,дантес,сан,,,ae2.csv
1,днк,полковник,,,ae2.csv
1,днк,поход,,,ae2.csv
1,днк,бригада,,,ae2.csv
1,днк,администрация,,,ae2.csv
1,днк,продажа,,,ae2.csv
1,днк,получение,,,ae2.csv
1,днк,дата,,,ae2.csv
1,днк,активность,,,ae2.csv
1,днк,гражданин,,,ae2.csv
1,днк,требование,,,ae2.csv
1,днк,душа,,,ae2.csv
1,днк,сообщество,,,ae2.csv
1,днк,рынок,,,ae2.csv
1,днк,карл,,,ae2.csv
1,днк,глубина,,,ae2.csv
1,днк,ассоциация,,,ae2.csv
1,дтп,андрей,,,ae2.csv
1,дтп,реформа,,,ae2.csv
1,дтп,популярность,,,ae2.csv
1,дтп,приход,,,ae2.csv
1,жертва,архитектор,,,ae2.csv
1,жертва,бразилия,,,ae2.csv
1,закладка,обл,,,ae2.csv
1,закладка,царь,,,ae2.csv
1,закладка,журналист,,,ae2.csv
1,знахарь,архитектура,,,ae2.csv
1,знахарь,губернатор,,,ae2.csv
1,индекс,слава,,,ae2.csv
1,индекс,династия,,,ae2.csv
1,индекс,больница,,,ae2.csv
1,индекс,папа,,,ae2.csv
1,кай,наступление,,,ae2.csv
1,кай,замок,,,ae2.csv
1,качка,распоряжение,,,ae2.csv
1,качка,утро,,,ae2.csv
1,качка,вечер,,,ae2.csv
1,качка,радио,,,ae2.csv
1,качка,переговоры,,,ae2.csv
1,клевер,просьба,,,ae2.csv
1,клевер,расширение,,,ae2.csv
1,клевер,уход,,,ae2.csv
1,клевер,заведующий,,,ae2.csv
1,клевер,съезд,,,ae2.csv
1,клевер,николаевич,,,ae2.csv
1,клевер,вручение,,,ae2.csv
1,клевер,полуостров,,,ae2.csv
1,клевер,буква,,,ae2.csv
1,клевер,повышение,,,ae2.csv
1,колючка,башня,,,ae2.csv
1,колючка,коллекция,,,ae2.csv
1,колючка,недостаток,,,ae2.csv
1,колючка,концепция,,,ae2.csv
1,кораблекрушение,церемония,,,ae2.csv
1,кораблекрушение,рота,,,ae2.csv
1,кораблекрушение,ветвь,,,ae2.csv
1,крейсер,томас,,,ae2.csv
1,крейсер,заседание,,,ae2.csv
1,крейсер,посол,,,ae2.csv
1,культура,раунд,,,ae2.csv
1,культура,имущество,,,ae2.csv
1,культура,контакт,,,ae2.csv
1,культура,пребывание,,,ae2.csv
1,культура,бельгия,,,ae2.csv
1,культура,разведка,,,ae2.csv
1,культура,захватчик,,,ae2.csv
1,культура,секунда,,,ae2.csv
1,культура,принц,,,ae2.csv
1,культура,распад,,,ae2.csv
1,культура,добыча,,,ae2.csv
1,культура,преимущество,,,ae2.csv
1,латы,преступление,,,ae2.csv
1,латы,генрих,,,ae2.csv
1,латы,поток,,,ae2.csv
1,латы,чиновник,,,ae2.csv
1,латы,аренда,,,ae2.csv
1,латы,небо,,,ae2.csv
1,латы,окраина,,,ae2.csv
1,латы,лекция,,,ae2.csv
1,латы,очки,,,ae2.csv
1,латы,внук,,,ae2.csv
1,латы,спор,,,ae2.csv
1,латы,медицина,,,ae2.csv
1,ложь,башкортостан,,,ae2.csv
1,ложь,релиз,,,ae2.csv
1,ложь,федор,,,ae2.csv
1,ложь,полузащитник,,,ae2.csv
1,ложь,компьютер,,,ae2.csv
1,ложь,воеводство,,,ae2.csv
1,ложь,разряд,,,ae2.csv
1,ложь,возрождение,,,ae2.csv
1,ложь,публика,,,ae2.csv
1,ложь,госпиталь,,,ae2.csv
1,ложь,товарищ,,,ae2.csv
1,ложь,майкл,,,ae2.csv
1,ложь,дисциплина,,,ae2.csv
1,ложь,самка,,,ae2.csv
1,ложь,норма,,,ae2.csv
1,ложь,приглашение,,,ae2.csv
1,ложь,параметр,,,ae2.csv
1,ложь,розыгрыш,,,ae2.csv
1,ложь,портрет,,,ae2.csv
1,ложь,отзыв,,,ae2.csv
1,ложь,подполковник,,,ae2.csv
1,ложь,царство,,,ae2.csv
1,ложь,ирландия,,,ae2.csv
1,ложь,имение,,,ae2.csv
1,ложь,ликвидация,,,ae2.csv
1,ложь,корона,,,ae2.csv
1,ложь,суша,,,ae2.csv
1,ложь,диапазон,,,ae2.csv
1,ложь,оккупация,,,ae2.csv
1,ложь,пилот,,,ae2.csv
1,ложь,сокращение,,,ae2.csv
1,ложь,елена,,,ae2.csv
1,ложь,протест,,,ae2.csv
1,ложь,архив,,,ae2.csv
1,ложь,религия,,,ae2.csv
1,ложь,окружение,,,ae2.csv
1,ложь,возникновение,,,ae2.csv
1,мак,мина,,,ae2.csv
1,мак,кабинет,,,ae2.csv
1,мак,воля,,,ae2.csv
1,мак,столкновение,,,ae2.csv
1,мак,арена,,,ae2.csv
1,мак,филипп,,,ae2.csv
1,мак,раса,,,ae2.csv
1,мак,минск,,,ae2.csv
1,мак,француз,,,ae2.csv
1,мак,ансамбль,,,ae2.csv
1,мак,англ,,,ae2.csv
1,мак,физика,,,ae2.csv
1,маятник,пенсия,,,ae2.csv
1,маятник,комиссар,,,ae2.csv
1,маятник,румыния,,,ae2.csv
1,маятник,санта,,,ae2.csv
1,минет,бренд,,,ae2.csv
1,минет,панк,,,ae2.csv
1,морфий,одесса,,,ae2.csv
1,морфий,процент,,,ae2.csv
1,набор,като,,,ae2.csv
1,набор,монах,,,ae2.csv
1,набор,обстановка,,,ae2.csv
1,набор,сми,,,ae2.csv
1,невезение,охота,,,ae2.csv
1,невезение,кинофильм,,,ae2.csv
1,нищий,словарь,,,ae2.csv
1,нищий,выходец,,,ae2.csv
1,нищий,пересечение,,,ae2.csv
1,нищий,сити,,,ae2.csv
1,оборот,галактика,,,ae2.csv
1,оборот,фрагмент,,,ae2.csv
1,оборот,аспирантура,,,ae2.csv
1,оборот,ткань,,,ae2.csv
1,оборот,соль,,,ae2.csv
1,оборот,дед,,,ae2.csv
1,оборот,философ,,,ae2.csv
1,оборот,иосиф,,,ae2.csv
1,олимпиада,прекращение,,,ae2.csv
1,олимпиада,рукопись,,,ae2.csv
1,олимпиада,тыл,,,ae2.csv
1,олимпиада,повреждение,,,ae2.csv
1,олимпиада,прорыв,,,ae2.csv
1,олимпиада,современник,,,ae2.csv
1,олимпиада,лицензия,,,ae2.csv
1,олимпиада,астероид,,,ae2.csv
1,олимпиада,вокзал,,,ae2.csv
1,олимпиада,подавление,,,ae2.csv
1,олимпиада,латвия,,,ae2.csv
1,олимпиада,христианин,,,ae2.csv
1,олимпиада,елизавета,,,ae2.csv
1,олимпиада,урал,,,ae2.csv
1,олимпиада,предприниматель,,,ae2.csv
1,олимпиада,леонид,,,ae2.csv
1,олимпиада,дождь,,,ae2.csv
1,олимпиада,югославия,,,ae2.csv
1,олимпиада,ректор,,,ae2.csv
1,олимпиада,чарльз,,,ae2.csv
1,остров,новость,,,ae2.csv
1,остров,патриарх,,,ae2.csv
1,остров,прохождение,,,ae2.csv
1,остров,лед,,,ae2.csv
1,остров,прага,,,ae2.csv
1,остров,главнокомандующий,,,ae2.csv
1,остров,офис,,,ae2.csv
1,остров,ручей,,,ae2.csv
1,остров,ольга,,,ae2.csv
1,остров,вокалист,,,ae2.csv
1,остров,включение,,,ae2.csv
1,остров,проверка,,,ae2.csv
1,остров,сомнение,,,ae2.csv
1,остров,бок,,,ae2.csv
1,остров,юрист,,,ae2.csv
1,остров,смесь,,,ae2.csv
1,остров,финансы,,,ae2.csv
1,остров,миля,,,ae2.csv
1,остров,болото,,,ae2.csv
1,остров,мусульманин,,,ae2.csv
1,остров,пушкин,,,ae2.csv
1,остров,строка,,,ae2.csv
1,остров,оппозиция,,,ae2.csv
1,остров,эра,,,ae2.csv
1,остров,инициатор,,,ae2.csv
1,остров,сопровождение,,,ae2.csv
1,остров,дипломат,,,ae2.csv
1,остров,аудитория,,,ae2.csv
1,остров,звучание,,,ae2.csv
1,остров,обложка,,,ae2.csv
1,остров,толщина,,,ae2.csv
1,остров,леон,,,ae2.csv
1,остров,издатель,,,ae2.csv
1,остров,разгром,,,ae2.csv
1,остров,христианство,,,ae2.csv
1,остров,измерение,,,ae2.csv
1,остров,налог,,,ae2.csv
1,остров,цепь,,,ae2.csv
1,остров,чехословакия,,,ae2.csv
1,остров,алексеевич,,,ae2.csv
1,остров,икона,,,ae2.csv
1,остров,пропаганда,,,ae2.csv
1,остров,скот,,,ae2.csv
1,остров,рак,,,ae2.csv
1,остров,иванов,,,ae2.csv
1,остров,поэма,,,ae2.csv
1,остров,намерение,,,ae2.csv
1,остров,скала,,,ae2.csv
1,остров,цифра,,,ae2.csv
1,остров,плата,,,ae2.csv
1,остров,давид,,,ae2.csv
1,остров,астроном,,,ae2.csv
1,остров,христос,,,ae2.csv
1,остров,юность,,,ae2.csv
1,па,мюнхен,,,ae2.csv
1,па,мгу,,,ae2.csv
1,па,прибытие,,,ae2.csv
1,па,вдова,,,ae2.csv
1,па,грудь,,,ae2.csv
1,па,приговор,,,ae2.csv
1,патефон,стремление,,,ae2.csv
1,патефон,репертуар,,,ae2.csv
1,патефон,колесо,,,ae2.csv
1,патефон,крепостной,,,ae2.csv
1,перхоть,семя,,,ae2.csv
1,перхоть,трава,,,ae2.csv
1,перхоть,химия,,,ae2.csv
1,перхоть,железо,,,ae2.csv
1,перхоть,дар,,,ae2.csv
1,перхоть,проявление,,,ae2.csv
1,планета,поставка,,,ae2.csv
1,планета,разрыв,,,ae2.csv
1,планета,альберт,,,ae2.csv
1,планета,модернизация,,,ae2.csv
1,планета,снаряд,,,ae2.csv
1,планета,красота,,,ae2.csv
1,планета,демонстрация,,,ae2.csv
1,планета,учебник,,,ae2.csv
1,планета,шанс,,,ae2.csv
1,планета,фасад,,,ae2.csv
1,планета,метрополитен,,,ae2.csv
1,планета,нагрузка,,,ae2.csv
1,планета,гостиница,,,ae2.csv
1,планета,балл,,,ae2.csv
1,планета,бакалавр,,,ae2.csv
1,планета,русло,,,ae2.csv
1,планета,местечко,,,ae2.csv
1,планета,пятно,,,ae2.csv
1,планета,софия,,,ae2.csv
1,планета,ствол,,,ae2.csv
1,планета,ресторан,,,ae2.csv
1,планета,обсуждение,,,ae2.csv
1,планета,фраза,,,ae2.csv
1,планета,строчка,,,ae2.csv
1,планета,людовик,,,ae2.csv
1,планета,пакет,,,ae2.csv
1,планета,сталин,,,ae2.csv
1,планета,попадание,,,ae2.csv
1,планета,выделение,,,ae2.csv
1,планета,разница,,,ae2.csv
1,планета,зеландия,,,ae2.csv
1,планета,сербия,,,ae2.csv
1,планета,мифология,,,ae2.csv
1,планета,дирижер,,,ae2.csv
1,планета,франц,,,ae2.csv
1,планета,единство,,,ae2.csv
1,планета,рекомендация,,,ae2.csv
1,планета,убийца,,,ae2.csv
1,планета,фортепиано,,,ae2.csv
1,планета,смертный,,,ae2.csv
1,планета,драматург,,,ae2.csv
1,планета,принцесса,,,ae2.csv
1,планета,экзамен,,,ae2.csv
1,планета,приключение,,,ae2.csv
1,планета,ставка,,,ae2.csv
1,планета,милан,,,ae2.csv
1,планета,эстония,,,ae2.csv
1,планета,рядовой,,,ae2.csv
1,планета,тайна,,,ae2.csv
1,планета,франк,,,ae2.csv
1,планета,реклама,,,ae2.csv
1,планета,афины,,,ae2.csv
1,планета,воевода,,,ae2.csv
1,планета,рельеф,,,ae2.csv
1,планета,раскопка,,,ae2.csv
1,планета,древность,,,ae2.csv
1,планета,действительность,,,ae2.csv
1,планета,наполеон,,,ae2.csv
1,планета,последовательность,,,ae2.csv
1,планета,освещение,,,ae2.csv
1,планета,вождь,,,ae2.csv
1,планета,кружок,,,ae2.csv
1,планета,султан,,,ae2.csv
1,планета,партизан,,,ae2.csv
1,планета,противостояние,,,ae2.csv
1,планета,бронза,,,ae2.csv
1,планета,форт,,,ae2.csv
1,поединок,авария,,,ae2.csv
1,поединок,сергеевич,,,ae2.csv
1,поединок,нефть,,,ae2.csv
1,поединок,популяция,,,ae2.csv
1,поединок,представительство,,,ae2.csv
1,поединок,воскресение,,,ae2.csv
1,поединок,георг,,,ae2.csv
1,поединок,празднование,,,ae2.csv
1,поединок,католик,,,ae2.csv
1,поединок,изобретение,,,ae2.csv
1,попугай,трагедия,,,ae2.csv
1,попугай,комментарий,,,ae2.csv
1,попугай,наследство,,,ae2.csv
1,попугай,репутация,,,ae2.csv
1,попугай,мозг,,,ae2.csv
1,попугай,покров,,,ae2.csv
1,попугай,градус,,,ae2.csv
1,попугай,покупка,,,ae2.csv
1,попугай,разногласие,,,ae2.csv
1,попугай,ущерб,,,ae2.csv
1,попугай,последователь,,,ae2.csv
1,попугай,богородица,,,ae2.csv
1,попугай,испанец,,,ae2.csv
1,попугай,ужас,,,ae2.csv
1,попугай,антонио,,,ae2.csv
1,попугай,мелодия,,,ae2.csv
1,попугай,предоставление,,,ae2.csv
1,попугай,совещание,,,ae2.csv
1,попугай,пруд,,,ae2.csv
1,препарат,перестройка,,,ae2.csv
1,препарат,барселона,,,ae2.csv
1,препарат,звено,,,ae2.csv
1,препарат,ооо,,,ae2.csv
1,производство,кмет,,,ae2.csv
1,производство,илья,,,ae2.csv
1,производство,станислав,,,ae2.csv
1,производство,парень,,,ae2.csv
1,производство,украинец,,,ae2.csv
1,производство,стебель,,,ae2.csv
1,производство,верста,,,ae2.csv
1,производство,синод,,,ae2.csv
1,производство,гнездо,,,ae2.csv
1,производство,поместье,,,ae2.csv
1,производство,упадок,,,ae2.csv
1,производство,стратегия,,,ae2.csv
1,производство,кандидатура,,,ae2.csv
1,производство,героиня,,,ae2.csv
1,производство,бомбардир,,,ae2.csv
1,производство,григорьевич,,,ae2.csv
1,производство,справочник,,,ae2.csv
1,производство,напряжение,,,ae2.csv
1,пунктир,манера,,,ae2.csv
1,пунктир,украшение,,,ae2.csv
1,разочарование,ангел,,,ae2.csv
1,разочарование,вертолет,,,ae2.csv
1,разочарование,член-корреспондент,,,ae2.csv
1,разочарование,ячейка,,,ae2.csv
1,регул,консул,,,ae2.csv
1,регул,римлянин,,,ae2.csv
1,робот,коэффициент,,,ae2.csv
1,робот,претендент,,,ae2.csv
1,робот,уважение,,,ae2.csv
1,робот,мадрид,,,ae2.csv
1,робот,молдавия,,,ae2.csv
1,робот,экономист,,,ae2.csv
1,робот,подвиг,,,ae2.csv
1,робот,проза,,,ae2.csv
1,робот,счастие,,,ae2.csv
1,робот,техас,,,ae2.csv
1,робот,киров,,,ae2.csv
1,робот,крис,,,ae2.csv
1,робот,методика,,,ae2.csv
1,робот,веб,,,ae2.csv
1,робот,мясо,,,ae2.csv
1,робот,архипелаг,,,ae2.csv
1,робот,богослужение,,,ae2.csv
1,робот,ирина,,,ae2.csv
1,робот,сегмент,,,ae2.csv
1,робот,мода,,,ae2.csv
1,робот,лорд,,,ae2.csv
1,робот,кинематограф,,,ae2.csv
1,робот,раствор,,,ae2.csv
1,робот,тренировка,,,ae2.csv
1,руно,ориентация,,,ae2.csv
1,руно,голод,,,ae2.csv
1,руно,канцелярия,,,ae2.csv
1,руно,набег,,,ae2.csv
1,руно,тень,,,ae2.csv
1,руно,диалог,,,ae2.csv
1,свежесть,поддержание,,,ae2.csv
1,свежесть,людвиг,,,ae2.csv
1,свежесть,виновный,,,ae2.csv
1,свежесть,франсуа,,,ae2.csv
1,свежесть,вино,,,ae2.csv
1,свежесть,интерьер,,,ae2.csv
1,свежесть,миллиард,,,ae2.csv
1,свежесть,руб,,,ae2.csv
1,свежесть,экспорт,,,ae2.csv
1,свежесть,разнообразие,,,ae2.csv
1,свежесть,ведомость,,,ae2.csv
1,свежесть,вьетнам,,,ae2.csv
1,свежесть,подпись,,,ae2.csv
1,свежесть,жак,,,ae2.csv
1,свежесть,жюри,,,ae2.csv
1,свежесть,книжка,,,ae2.csv
1,свежесть,губа,,,ae2.csv
1,свежесть,ритм,,,ae2.csv
1,свежесть,рецензия,,,ae2.csv
1,свежесть,актив,,,ae2.csv
1,свежесть,иллюстрация,,,ae2.csv
1,свежесть,учащийся,,,ae2.csv
1,свежесть,рана,,,ae2.csv
1,свежесть,итальянец,,,ae2.csv
1,свежесть,стив,,,ae2.csv
1,свежесть,пианист,,,ae2.csv
1,свежесть,шея,,,ae2.csv
1,свежесть,мечта,,,ae2.csv
1,свежесть,молитва,,,ae2.csv
1,свежесть,лейпциг,,,ae2.csv
1,свежесть,бегство,,,ae2.csv
1,свежесть,дубль,,,ae2.csv
1,свежесть,культ,,,ae2.csv
1,свежесть,гастроль,,,ae2.csv
1,свежесть,фундамент,,,ae2.csv
1,свежесть,богословие,,,ae2.csv
1,свежесть,аллея,,,ae2.csv
1,свежесть,вестник,,,ae2.csv
1,свежесть,верность,,,ae2.csv
1,свежесть,скрипка,,,ae2.csv
1,свежесть,пистолет,,,ae2.csv
1,свежесть,годовщина,,,ae2.csv
1,свежесть,сорт,,,ae2.csv
1,свежесть,флора,,,ae2.csv
1,сетчатка,запрос,,,ae2.csv
1,сетчатка,блокада,,,ae2.csv
1,скульптура,привлечение,,,ae2.csv
1,скульптура,хит-парад,,,ae2.csv
1,скульптура,бокс,,,ae2.csv
1,скульптура,арсенал,,,ae2.csv
1,скульптура,брайан,,,ae2.csv
1,скульптура,механик,,,ae2.csv
1,скульптура,субъект,,,ae2.csv
1,скульптура,почет,,,ae2.csv
1,скульптура,цивилизация,,,ae2.csv
1,скульптура,вцик,,,ae2.csv
1,скульптура,боевик,,,ae2.csv
1,скульптура,растительность,,,ae2.csv
1,скульптура,билет,,,ae2.csv
1,скульптура,юбилей,,,ae2.csv
1,скульптура,свод,,,ae2.csv
1,скульптура,борец,,,ae2.csv
1,скульптура,вячеслав,,,ae2.csv
1,сосредоточение,легион,,,ae2.csv
1,сосредоточение,убитый,,,ae2.csv
1,статика,декан,,,ae2.csv
1,статика,химик,,,ae2.csv
1,сума,толстой,,,ae2.csv
1,сума,краска,,,ae2.csv
1,сума,государь,,,ae2.csv
1,сума,продовольствие,,,ae2.csv
1,тахометр,шасси,,,ae2.csv
1,тахометр,зеркало,,,ae2.csv
1,титан,сырье,,,ae2.csv
1,титан,дальность,,,ae2.csv
1,титан,доверие,,,ae2.csv
1,титан,спонсор,,,ae2.csv
1,титан,наблюдатель,,,ae2.csv
1,титан,кирпич,,,ae2.csv
1,титан,карточка,,,ae2.csv
1,титан,вулкан,,,ae2.csv
1,тритон,стрела,,,ae2.csv
1,тритон,шум,,,ae2.csv
1,укладка,мемориал,,,ae2.csv
1,укладка,иностранец,,,ae2.csv
1,укладка,плато,,,ae2.csv
1,укладка,крик,,,ae2.csv
1,укладка,патент,,,ae2.csv
1,укладка,бульвар,,,ae2.csv
1,укладка,тяга,,,ae2.csv
1,укладка,медведь,,,ae2.csv
1,учебник,молекула,,,ae2.csv
1,учебник,элита,,,ae2.csv
1,учебник,романов,,,ae2.csv
1,учебник,николаевна,,,ae2.csv
1,учебник,соблюдение,,,ae2.csv
1,учебник,сплав,,,ae2.csv
1,учебник,гавань,,,ae2.csv
1,учебник,господство,,,ae2.csv
1,учебник,сосуд,,,ae2.csv
1,учебник,провозглашение,,,ae2.csv
1,учебник,ташкент,,,ae2.csv
1,учебник,антоний,,,ae2.csv
1,учебник,гласный,,,ae2.csv
1,учебник,привилегия,,,ae2.csv
1,учебник,содружество,,,ae2.csv
1,учебник,роспись,,,ae2.csv
1,учебник,православие,,,ae2.csv
1,учебник,никита,,,ae2.csv
1,учебник,саратов,,,ae2.csv
1,учебник,барокко,,,ae2.csv
1,учебник,арка,,,ae2.csv
1,учебник,сборка,,,ae2.csv
1,флегматик,поступок,,,ae2.csv
1,флегматик,свинья,,,ae2.csv
1,флегматик,пес,,,ae2.csv
1,хвост,латы,,,ae2.csv
1,хвост,фольклор,,,ae2.csv
1,хвост,аппаратура,,,ae2.csv
1,хвост,выезд,,,ae2.csv
1,хвост,парад,,,ae2.csv
1,хвост,новичок,,,ae2.csv
1,хвост,привод,,,ae2.csv
1,хвост,ролик,,,ae2.csv
1,хвост,невозможность,,,ae2.csv
1,хвост,беременность,,,ae2.csv
1,хвост,банда,,,ae2.csv
1,хвост,куба,,,ae2.csv
1,хвост,мама,,,ae2.csv
1,хвост,тверская,,,ae2.csv
1,хвост,декрет,,,ae2.csv
1,хвост,австро-венгрия,,,ae2.csv
1,хвост,руль,,,ae2.csv
1,хвост,классика,,,ae2.csv
1,хвост,справедливость,,,ae2.csv
1,хвост,подвид,,,ae2.csv
1,хвост,боксер,,,ae2.csv
1,хвост,нашествие,,,ae2.csv
1,хвост,шахтер,,,ae2.csv
1,хвост,кислород,,,ae2.csv
1,хвост,нумерация,,,ae2.csv
1,хвост,уполномоченный,,,ae2.csv
1,хвост,происшествие,,,ae2.csv
1,хвост,валентин,,,ae2.csv
1,хвост,слесарь,,,ae2.csv
1,хвост,теоретик,,,ae2.csv
1,хвост,депрессия,,,ae2.csv
1,хвост,емкость,,,ae2.csv
1,хвост,пакистан,,,ae2.csv
1,хвост,регулирование,,,ae2.csv
1,хвост,штука,,,ae2.csv
1,хвост,никольский,,,ae2.csv
1,хвост,экономия,,,ae2.csv
1,хвост,электроника,,,ae2.csv
1,хвост,тома,,,ae2.csv
1,хвост,вермахт,,,ae2.csv
1,хвост,ильич,,,ae2.csv
1,хвост,миграция,,,ae2.csv
1,хвост,шайба,,,ae2.csv
1,хвост,удержание,,,ae2.csv
1,хвост,братство,,,ae2.csv
1,хвост,капитуляция,,,ae2.csv
1,хвост,пермь,,,ae2.csv
1,хвост,экс,,,ae2.csv
1,хвост,взаимоотношение,,,ae2.csv
1,хвост,сквер,,,ae2.csv
1,хвост,псков,,,ae2.csv
1,хвост,адаптация,,,ae2.csv
1,хвост,свержение,,,ae2.csv
1,хвост,ходатайство,,,ae2.csv
1,хвост,миссионер,,,ae2.csv
1,хвост,передвижение,,,ae2.csv
1,хвост,выдача,,,ae2.csv
1,хвост,рассвет,,,ae2.csv
1,хвост,ген,,,ae2.csv
1,хвост,задержка,,,ae2.csv
1,хвост,инвалид,,,ae2.csv
1,хвост,уильямс,,,ae2.csv
1,хвост,приют,,,ae2.csv
1,хвост,урожай,,,ae2.csv
1,черешня,угодье,,,ae2.csv
1,шляпка,столб,,,ae2.csv
1,шляпка,глина,,,ae2.csv
1,шляпка,петер,,,ae2.csv
1,шляпка,ощущение,,,ae2.csv
1,экстрим,кавер-версия,,,ae2.csv
1,экстрим,толчок,,,ae2.csv
1,экстрим,аниме,,,ae2.csv
1,экстрим,богдан,,,ae2.csv
1,экстрим,алекс,,,ae2.csv
1,экстрим,логотип,,,ae2.csv
1,ямайка,противодействие,,,ae2.csv
1,ямайка,цска,,,ae2.csv
1,ямайка,археология,,,ae2.csv
1,ямайка,македония,,,ae2.csv
1,ямайка,волейбол,,,ae2.csv
1,ямайка,равенство,,,ae2.csv
1,ямайка,куб,,,ae2.csv
1,ямайка,митинг,,,ae2.csv
1,армия,год,,,ae.csv
1,армия,время,,,ae.csv
1,армия,район,,,ae.csv
1,армия,состав,,,ae.csv
1,армия,население,,,ae.csv
1,армия,город,,,ae.csv
1,армия,область,,,ae.csv
1,армия,место,,,ae.csv
1,армия,название,,,ae.csv
1,армия,начало,,,ae.csv
1,армия,россия,,,ae.csv
1,армия,центр,,,ae.csv
1,армия,работа,,,ae.csv
1,армия,декабрь,,,ae.csv
1,армия,площадь,,,ae.csv
1,армия,январь,,,ae.csv
1,армия,конец,,,ae.csv
1,армия,число,,,ae.csv
1,армия,октябрь,,,ae.csv
1,армия,май,,,ae.csv
1,армия,сентябрь,,,ae.csv
1,армия,август,,,ae.csv
1,армия,век,,,ae.csv
1,армия,имя,,,ae.csv
1,армия,июль,,,ae.csv
1,армия,река,,,ae.csv
1,армия,июнь,,,ae.csv
1,армия,апрель,,,ae.csv
1,армия,данные,,,ae.csv
1,армия,территория,,,ae.csv
1,армия,участие,,,ae.csv
1,армия,округ,,,ae.csv
1,армия,род,,,ae.csv
1,армия,школа,,,ae.csv
1,армия,ноябрь,,,ae.csv
1,армия,результат,,,ae.csv
1,армия,день,,,ae.csv
1,армия,февраль,,,ae.csv
1,армия,вид,,,ae.csv
1,армия,март,,,ae.csv
1,армия,русский,,,ae.csv
1,армия,семья,,,ae.csv
1,армия,история,,,ae.csv
1,армия,член,,,ae.csv
1,армия,совет,,,ae.csv
1,армия,пункт,,,ae.csv
1,армия,качество,,,ae.csv
1,армия,перепись,,,ae.csv
1,армия,код,,,ae.csv
1,армия,жизнь,,,ae.csv
1,армия,село,,,ae.csv
1,армия,период,,,ae.csv
1,армия,раз,,,ae.csv
1,армия,берег,,,ae.csv
1,армия,сторона,,,ae.csv
1,армия,длина,,,ae.csv
1,армия,москва,,,ae.csv
1,армия,образование,,,ae.csv
1,армия,деревня,,,ae.csv
1,армия,ряд,,,ae.csv
1,армия,система,,,ae.csv
1,армия,связь,,,ae.csv
1,армия,образ,,,ae.csv
1,армия,дом,,,ae.csv
1,армия,течение,,,ae.csv
1,армия,сын,,,ae.csv
1,давление,поселение,,,ae.csv
1,давление,сезон,,,ae.csv
1,давление,источник,,,ae.csv
1,давление,численность,,,ae.csv
1,давление,пост,,,ae.csv
1,давление,средство,,,ae.csv
1,давление,чело,,,ae.csv
1,давление,основание,,,ae.csv
1,давление,лицо,,,ae.csv
1,давление,председатель,,,ae.csv
1,давление,событие,,,ae.csv
1,давление,проблема,,,ae.csv
1,давление,рабочий,,,ae.csv
1,давление,план,,,ae.csv
1,давление,альбом,,,ae.csv
1,давление,звезда,,,ae.csv
1,давление,правило,,,ae.csv
1,квадрат,метод,,,ae.csv
1,квадрат,коатуу,,,ae.csv
1,квадрат,возвращение,,,ae.csv
1,квадрат,секретарь,,,ae.csv
1,квадрат,отсутствие,,,ae.csv
1,квадрат,монастырь,,,ae.csv
1,квадрат,финал,,,ae.csv
1,квадрат,сергей,,,ae.csv
1,квадрат,флот,,,ae.csv
1,квадрат,япония,,,ae.csv
1,квадрат,кафедра,,,ae.csv
1,квадрат,сборник,,,ae.csv
1,квадрат,фон,,,ae.csv
1,квадрат,достижение,,,ae.csv
1,квадрат,сайт,,,ae.csv
1,квадрат,контроль,,,ae.csv
1,квадрат,местность,,,ae.csv
1,квадрат,композиция,,,ae.csv
1,квадрат,футбол,,,ae.csv
1,квадрат,тренер,,,ae.csv
1,квадрат,студия,,,ae.csv
1,квадрат,встреча,,,ae.csv
1,квадрат,сведение,,,ae.csv
1,квадрат,нью-йорк,,,ae.csv
1,квадрат,изучение,,,ae.csv
1,квадрат,появление,,,ae.csv
1,квадрат,освобождение,,,ae.csv
1,квадрат,юго-восток,,,ae.csv
1,квадрат,юго-запад,,,ae.csv
1,квадрат,эпоха,,,ae.csv
1,квадрат,переход,,,ae.csv
1,квадрат,брак,,,ae.csv
1,квадрат,северо-восток,,,ae.csv
1,квадрат,инженер,,,ae.csv
1,квадрат,масса,,,ae.csv
1,квадрат,назначение,,,ae.csv
1,квадрат,азия,,,ae.csv
1,квадрат,круг,,,ae.csv
1,квадрат,северо-запад,,,ae.csv
1,квадрат,библиотека,,,ae.csv
1,квадрат,исполнение,,,ae.csv
1,квадрат,сан,,,ae.csv
1,квадрат,поэт,,,ae.csv
1,квадрат,применение,,,ae.csv
1,квадрат,скорость,,,ae.csv
1,квадрат,описание,,,ae.csv
1,квадрат,родитель,,,ae.csv
1,квадрат,рождение,,,ae.csv
1,квадрат,ситуация,,,ae.csv
1,квадрат,музыкант,,,ae.csv
1,квадрат,р-н,,,ae.csv
1,квадрат,письмо,,,ae.csv
1,москва,царь,,,ae.csv
1,москва,транспорт,,,ae.csv
1,москва,курсы,,,ae.csv
1,москва,гол,,,ae.csv
1,москва,герб,,,ae.csv
1,москва,учеба,,,ae.csv
1,москва,будущее,,,ae.csv
1,москва,формула,,,ae.csv
1,москва,гимназия,,,ae.csv
1,отпуск,фонд,,,ae.csv
1,отпуск,слава,,,ae.csv
1,отпуск,вывод,,,ae.csv
1,отпуск,упоминание,,,ae.csv
1,отпуск,падение,,,ae.csv
1,отпуск,мастерская,,,ae.csv
1,отпуск,племя,,,ae.csv
1,отпуск,полет,,,ae.csv
1,отпуск,селение,,,ae.csv
1,отпуск,рисунок,,,ae.csv
1,отпуск,мальчик,,,ae.csv
1,отпуск,телеканал,,,ae.csv
1,отпуск,металл,,,ae.csv
1,отпуск,дебют,,,ae.csv
1,отпуск,томас,,,ae.csv
1,отпуск,премьер-министр,,,ae.csv
1,отпуск,дэвид,,,ae.csv
1,отпуск,протяженность,,,ae.csv
1,отпуск,кризис,,,ae.csv
1,отпуск,фотография,,,ae.csv
1,отпуск,вена,,,ae.csv
1,отпуск,соперник,,,ae.csv
1,отпуск,воспитанник,,,ae.csv
1,отпуск,трек,,,ae.csv
1,отпуск,лодка,,,ae.csv
1,отпуск,израиль,,,ae.csv
1,отпуск,спектакль,,,ae.csv
1,отпуск,кавказ,,,ae.csv
1,отпуск,асср,,,ae.csv
1,отпуск,героизм,,,ae.csv
1,отпуск,жан,,,ae.csv
1,отпуск,борт,,,ae.csv
1,отпуск,имущество,,,ae.csv
1,отпуск,квартира,,,ae.csv
1,отпуск,ранг,,,ae.csv
1,отпуск,контакт,,,ae.csv
1,отпуск,шоссе,,,ae.csv
1,отпуск,пребывание,,,ae.csv
1,отпуск,бельгия,,,ae.csv
1,отпуск,разведка,,,ae.csv
1,отпуск,захватчик,,,ae.csv
1,отпуск,преступление,,,ae.csv
1,отпуск,секунда,,,ae.csv
1,отпуск,поведение,,,ae.csv
1,отпуск,консерватория,,,ae.csv
1,отпуск,принц,,,ae.csv
1,отпуск,распад,,,ae.csv
1,отпуск,видео,,,ae.csv
1,отпуск,добыча,,,ae.csv
1,отпуск,сектор,,,ae.csv
1,отпуск,преимущество,,,ae.csv
1,отпуск,казанский,,,ae.csv
1,отпуск,личность,,,ae.csv
1,отпуск,генрих,,,ae.csv
1,отпуск,почва,,,ae.csv
1,отпуск,написание,,,ae.csv
1,отпуск,майор,,,ae.csv
1,отпуск,поток,,,ae.csv
1,отпуск,чиновник,,,ae.csv
1,отпуск,аренда,,,ae.csv
1,отпуск,небо,,,ae.csv
1,процесс,галактика,,,ae.csv
1,процесс,лошадь,,,ae.csv
1,процесс,нападающий,,,ae.csv
1,процесс,корея,,,ae.csv
1,процесс,самец,,,ae.csv
1,процесс,математика,,,ae.csv
1,процесс,гарнизон,,,ae.csv
1,процесс,семинария,,,ae.csv
1,процесс,колонна,,,ae.csv
1,процесс,хранение,,,ae.csv
1,процесс,впечатление,,,ae.csv
1,процесс,подсемейство,,,ae.csv
1,процесс,слух,,,ae.csv
1,процесс,сержант,,,ae.csv
1,процесс,разновидность,,,ae.csv
1,процесс,метро,,,ae.csv
1,процесс,обстановка,,,ae.csv
1,процесс,сми,,,ae.csv
1,процесс,федорович,,,ae.csv
1,процесс,спина,,,ae.csv
1,процесс,аргентина,,,ae.csv
1,процесс,плод,,,ae.csv
1,процесс,одесса,,,ae.csv
1,процесс,процент,,,ae.csv
1,процесс,евро,,,ae.csv
1,процесс,сигнал,,,ae.csv
1,процесс,русь,,,ae.csv
1,процесс,доска,,,ae.csv
1,процесс,предок,,,ae.csv
1,процесс,литва,,,ae.csv
1,процесс,мастерство,,,ae.csv
1,процесс,коллегия,,,ae.csv
1,процесс,пулемет,,,ae.csv
1,процесс,танец,,,ae.csv
1,процесс,служащий,,,ae.csv
1,процесс,наказание,,,ae.csv
1,процесс,переулок,,,ae.csv
1,процесс,бюджет,,,ae.csv
1,процесс,дания,,,ae.csv
1,процесс,эксперт,,,ae.csv
1,процесс,секция,,,ae.csv
1,процесс,поэзия,,,ae.csv
1,процесс,этаж,,,ae.csv
1,процесс,фрагмент,,,ae.csv
1,процесс,олег,,,ae.csv
1,процесс,техникум,,,ae.csv
1,процесс,племянник,,,ae.csv
1,процесс,митрополит,,,ae.csv
1,процесс,ближний,,,ae.csv
1,процесс,словарь,,,ae.csv
1,процесс,питер,,,ae.csv
1,процесс,выходец,,,ae.csv
1,процесс,сити,,,ae.csv
1,процесс,оскар,,,ae.csv
1,процесс,бедность,,,ae.csv
1,процесс,гитара,,,ae.csv
1,процесс,аспирантура,,,ae.csv
1,процесс,свадьба,,,ae.csv
1,процесс,частота,,,ae.csv
1,процесс,распределение,,,ae.csv
1,процесс,ркка,,,ae.csv
1,процесс,кадр,,,ae.csv
1,процесс,ткань,,,ae.csv
1,процесс,статистика,,,ae.csv
1,процесс,стихотворение,,,ae.csv
1,речь,эдуард,,,ae.csv
1,речь,главнокомандующий,,,ae.csv
1,речь,барон,,,ae.csv
1,речь,офис,,,ae.csv
1,речь,ручей,,,ae.csv
1,речь,мюнхен,,,ae.csv
1,речь,ольга,,,ae.csv
1,речь,вокалист,,,ae.csv
1,речь,включение,,,ae.csv
1,речь,проверка,,,ae.csv
1,речь,сомнение,,,ae.csv
1,речь,равнина,,,ae.csv
1,речь,карла,,,ae.csv
1,речь,мгу,,,ae.csv
1,речь,бок,,,ae.csv
1,речь,юрист,,,ae.csv
1,речь,смесь,,,ae.csv
1,речь,финансы,,,ae.csv
1,речь,миля,,,ae.csv
1,речь,болото,,,ae.csv
1,речь,мусульманин,,,ae.csv
1,речь,луч,,,ae.csv
1,речь,пушкин,,,ae.csv
1,речь,менеджер,,,ae.csv
1,речь,эра,,,ae.csv
1,речь,оппозиция,,,ae.csv
1,речь,поклонник,,,ae.csv
1,речь,инфраструктура,,,ae.csv
1,речь,сопровождение,,,ae.csv
1,речь,показ,,,ae.csv
1,речь,инициатор,,,ae.csv
1,речь,записка,,,ae.csv
1,речь,дипломат,,,ae.csv
1,речь,аудитория,,,ae.csv
1,речь,прибор,,,ae.csv
1,речь,переворот,,,ae.csv
1,речь,эффективность,,,ae.csv
1,речь,обложка,,,ae.csv
1,речь,толщина,,,ae.csv
1,речь,обзор,,,ae.csv
1,речь,леон,,,ae.csv
1,речь,вуз,,,ae.csv
1,речь,издатель,,,ae.csv
1,речь,разгром,,,ae.csv
1,речь,христианство,,,ae.csv
1,речь,измерение,,,ae.csv
1,речь,налог,,,ae.csv
1,речь,существо,,,ae.csv
1,речь,цепь,,,ae.csv
1,речь,чехословакия,,,ae.csv
1,речь,алексеевич,,,ae.csv
1,речь,икона,,,ae.csv
1,речь,прибытие,,,ae.csv
1,речь,рак,,,ae.csv
1,речь,скот,,,ae.csv
1,речь,иванов,,,ae.csv
1,речь,вдова,,,ae.csv
1,речь,скала,,,ae.csv
1,речь,намерение,,,ae.csv
1,речь,давид,,,ae.csv
1,речь,плата,,,ae.csv
1,речь,цифра,,,ae.csv
1,речь,грудь,,,ae.csv
1,речь,астроном,,,ae.csv
1,речь,христос,,,ae.csv
1,речь,юность,,,ae.csv
1,речь,ареал,,,ae.csv
1,речь,колумбия,,,ae.csv
1,речь,военнослужащий,,,ae.csv
1,речь,размещение,,,ae.csv
1,речь,употребление,,,ae.csv
1,речь,эмиграция,,,ae.csv
1,речь,телефон,,,ae.csv
1,речь,спасение,,,ae.csv
1,речь,беларусь,,,ae.csv
1,речь,проезд,,,ae.csv
1,речь,хан,,,ae.csv
1,речь,пустыня,,,ae.csv
1,речь,адвокат,,,ae.csv
1,речь,сказка,,,ae.csv
1,речь,отвага,,,ae.csv
1,речь,переселенец,,,ae.csv
1,школа,плей-офф,,,ae.csv
1,школа,снг,,,ae.csv
1,школа,заповедник,,,ae.csv
1,школа,разговор,,,ae.csv
1,школа,археолог,,,ae.csv
1,школа,изгнание,,,ae.csv
1,школа,рыцарь,,,ae.csv
1,школа,потенциал,,,ae.csv
1,школа,вратарь,,,ae.csv
1,абрикос,год,,,rt.csv
1,абрикос,человек,,,rt.csv
1,абрикос,время,,,rt.csv
1,абрикос,район,,,rt.csv
1,авиасообщение,май,,,rt.csv
1,авиасообщение,век,,,rt.csv
1,авиасообщение,имя,,,rt.csv
1,авиасообщение,река,,,rt.csv
1,авиасообщение,округ,,,rt.csv
1,авиасообщение,род,,,rt.csv
1,авиасообщение,семья,,,rt.csv
1,авиасообщение,история,,,rt.csv
1,автоматчик,участие,,,rt.csv
1,автоматчик,результат,,,rt.csv
1,автоматчик,русский,,,rt.csv
1,автоматчик,сша,,,rt.csv
1,агроном,связь,,,rt.csv
1,агроном,армия,,,rt.csv
1,агроном,университет,,,rt.csv
1,агроном,сын,,,rt.csv
1,азы,фильм,,,rt.csv
1,азы,момент,,,rt.csv
1,азы,компания,,,rt.csv
1,азы,отец,,,rt.csv
1,алименты,проект,,,rt.csv
1,алименты,форма,,,rt.csv
1,алименты,сезон,,,rt.csv
1,алименты,тип,,,rt.csv
1,ангажированность,брат,,,rt.csv
1,ангажированность,глава,,,rt.csv
1,ангажированность,общество,,,rt.csv
1,ангажированность,граница,,,rt.csv
1,аплодисменты,поселок,,,rt.csv
1,аплодисменты,середина,,,rt.csv
1,аплодисменты,вода,,,rt.csv
1,аплодисменты,серия,,,rt.csv
1,аплодисменты,провинция,,,rt.csv
1,аплодисменты,тело,,,rt.csv
1,аплодисменты,остров,,,rt.csv
1,архангел,край,,,rt.csv
1,архангел,губерния,,,rt.csv
1,аудиосистема,источник,,,rt.csv
1,аудиосистема,поддержка,,,rt.csv
1,аудиосистема,основание,,,rt.csv
1,аудиосистема,лицо,,,rt.csv
1,аудиосистема,проблема,,,rt.csv
1,аудиосистема,рабочий,,,rt.csv
1,аудиосистема,план,,,rt.csv
1,аудиосистема,звезда,,,rt.csv
1,аудиосистема,правило,,,rt.csv
1,аудиосистема,поле,,,rt.csv
1,бакс,председатель,,,rt.csv
1,бакс,позиция,,,rt.csv
1,бакс,чемпион,,,rt.csv
1,бакс,издание,,,rt.csv
1,бакс,училище,,,rt.csv
1,бакс,устье,,,rt.csv
1,баритон,турнир,,,rt.csv
1,баритон,америка,,,rt.csv
1,беда,лига,,,rt.csv
1,беда,муниципалитет,,,rt.csv
1,беда,испания,,,rt.csv
1,беда,выступление,,,rt.csv
1,беда,соревнование,,,rt.csv
1,беда,отдел,,,rt.csv
1,беда,лес,,,rt.csv
1,беда,михаил,,,rt.csv
1,беда,запись,,,rt.csv
1,беда,президиум,,,rt.csv
1,беда,футболист,,,rt.csv
1,беда,джон,,,rt.csv
1,беда,выборы,,,rt.csv
1,беда,ширина,,,rt.csv
1,безотлагательность,сообщество,,,rt.csv
1,безотлагательность,взгляд,,,rt.csv
1,безотлагательность,интервью,,,rt.csv
1,безотлагательность,джордж,,,rt.csv
1,безотлагательность,вторжение,,,rt.csv
1,безотлагательность,катастрофа,,,rt.csv
1,бесконтрольность,сеть,,,rt.csv
1,бесконтрольность,оценка,,,rt.csv
1,бесконтрольность,сообщение,,,rt.csv
1,бесконтрольность,масса,,,rt.csv
1,бессодержательность,фон,,,rt.csv
1,бессодержательность,муж,,,rt.csv
1,бессодержательность,практика,,,rt.csv
1,бессодержательность,тюрьма,,,rt.csv
1,биопрепарат,объединение,,,rt.csv
1,биопрепарат,специалист,,,rt.csv
1,благотворительница,библиотека,,,rt.csv
1,благотворительница,описание,,,rt.csv
1,благотворительница,рождение,,,rt.csv
1,благотворительница,традиция,,,rt.csv
1,благотворительница,распространение,,,rt.csv
1,благотворительница,постройка,,,rt.csv
1,благотворительница,отставка,,,rt.csv
1,благотворительница,устройство,,,rt.csv
1,благотворительница,учитель,,,rt.csv
1,благотворительница,историк,,,rt.csv
1,бобруйск,финал,,,rt.csv
1,бобруйск,юго-восток,,,rt.csv
1,бобруйск,юго-запад,,,rt.csv
1,бобруйск,северо-восток,,,rt.csv
1,болван,целое,,,rt.csv
1,болван,восстание,,,rt.csv
1,болван,продажа,,,rt.csv
1,болван,содержание,,,rt.csv
1,болван,требование,,,rt.csv
1,болван,реформа,,,rt.csv
1,болван,глубина,,,rt.csv
1,болван,ассоциация,,,rt.csv
1,болван,зал,,,rt.csv
1,бортик,тур,,,rt.csv
1,бортик,андрей,,,rt.csv
1,бровка,приход,,,rt.csv
1,бровка,владелец,,,rt.csv
1,буксир,соглашение,,,rt.csv
1,буксир,австралия,,,rt.csv
1,вазочка,праздник,,,rt.csv
1,вазочка,нога,,,rt.csv
1,вазочка,помещение,,,rt.csv
1,вазочка,эпизод,,,rt.csv
1,велосипед,выбор,,,rt.csv
1,велосипед,десяток,,,rt.csv
1,вечерок,архиепископ,,,rt.csv
1,вечерок,оркестр,,,rt.csv
1,вечерок,волга,,,rt.csv
1,вечерок,пресса,,,rt.csv
1,видение,премьера,,,rt.csv
1,видение,курсы,,,rt.csv
1,видение,гол,,,rt.csv
1,видение,прием,,,rt.csv
1,видение,папа,,,rt.csv
1,видение,орудие,,,rt.csv
1,видение,первенство,,,rt.csv
1,видение,вооружение,,,rt.csv
1,видение,формула,,,rt.csv
1,видение,замена,,,rt.csv
1,видение,анализ,,,rt.csv
1,видение,разрешение,,,rt.csv
1,видение,парламент,,,rt.csv
1,видение,правитель,,,rt.csv
1,видение,надпись,,,rt.csv
1,видение,наступление,,,rt.csv
1,видение,ресурс,,,rt.csv
1,видение,аппарат,,,rt.csv
1,видение,величина,,,rt.csv
1,видение,остаток,,,rt.csv
1,видение,издательство,,,rt.csv
1,видение,замок,,,rt.csv
1,видение,георгий,,,rt.csv
1,видение,австрия,,,rt.csv
1,видение,эксплуатация,,,rt.csv
1,видение,съемка,,,rt.csv
1,видение,королевство,,,rt.csv
1,видение,экипаж,,,rt.csv
1,видение,характеристика,,,rt.csv
1,видение,иоанн,,,rt.csv
1,видение,смысл,,,rt.csv
1,видение,флаг,,,rt.csv
1,видение,двигатель,,,rt.csv
1,витийство,мысль,,,rt.csv
1,витийство,митрополит,,,rt.csv
1,внесение,спортсмен,,,rt.csv
1,внесение,заслуга,,,rt.csv
1,внесение,шоу,,,rt.csv
1,внесение,михайлович,,,rt.csv
1,внесение,евгений,,,rt.csv
1,внесение,акция,,,rt.csv
1,внесение,страница,,,rt.csv
1,внесение,васильевич,,,rt.csv
1,внесение,колония,,,rt.csv
1,внесение,ведение,,,rt.csv
1,внесение,греция,,,rt.csv
1,внесение,живопись,,,rt.csv
1,внесение,печать,,,rt.csv
1,внесение,конгресс,,,rt.csv
1,внесение,мексика,,,rt.csv
1,внесение,трасса,,,rt.csv
1,внесение,калифорния,,,rt.csv
1,внесение,наследник,,,rt.csv
1,внесение,фактор,,,rt.csv
1,внесение,прозвище,,,rt.csv
1,внесение,приз,,,rt.csv
1,внесение,пожар,,,rt.csv
1,внесение,том,,,rt.csv
1,внесение,асср,,,rt.csv
1,внесение,квартира,,,rt.csv
1,внесение,принц,,,rt.csv
1,внесение,преимущество,,,rt.csv
1,внесение,личность,,,rt.csv
1,внесение,генрих,,,rt.csv
1,внесение,почва,,,rt.csv
1,внесение,написание,,,rt.csv
1,внесение,аренда,,,rt.csv
1,воздаяние,больной,,,rt.csv
1,воздаяние,перо,,,rt.csv
1,воздаяние,дворянин,,,rt.csv
1,воздаяние,лента,,,rt.csv
1,воздаяние,генерал-лейтенант,,,rt.csv
1,воздаяние,дон,,,rt.csv
1,воздаяние,госпиталь,,,rt.csv
1,воздаяние,подполковник,,,rt.csv
1,воздаяние,корона,,,rt.csv
1,воздаяние,купец,,,rt.csv
1,воздаяние,диплом,,,rt.csv
1,воздаяние,преемник,,,rt.csv
1,воздаяние,француз,,,rt.csv
1,воздаяние,достоинство,,,rt.csv
1,воздаяние,серебро,,,rt.csv
1,воздаяние,гарнизон,,,rt.csv
1,воздаяние,горький,,,rt.csv
1,воздаяние,колонна,,,rt.csv
1,воздаяние,разновидность,,,rt.csv
1,воздаяние,взрыв,,,rt.csv
1,воздаяние,философ,,,rt.csv
1,воздаяние,пушка,,,rt.csv
1,воздаяние,нужда,,,rt.csv
1,воздаяние,генри,,,rt.csv
1,воздаяние,сенат,,,rt.csv
1,воздаяние,завоевание,,,rt.csv
1,воздаяние,прага,,,rt.csv
1,воздаяние,юрист,,,rt.csv
1,воздаяние,налог,,,rt.csv
1,воздаяние,намерение,,,rt.csv
1,воздаяние,употребление,,,rt.csv
1,воздаяние,отвага,,,rt.csv
1,вольница,посол,,,rt.csv
1,вольница,указание,,,rt.csv
1,вольница,окно,,,rt.csv
1,вольница,изготовление,,,rt.csv
1,вольница,днепр,,,rt.csv
1,вотирование,бюджет,,,rt.csv
1,вотирование,наполеон,,,rt.csv
1,вспоминание,читатель,,,rt.csv
1,вспоминание,процедура,,,rt.csv
1,вспоминание,совокупность,,,rt.csv
1,вспоминание,счастие,,,rt.csv
1,вспоминание,методика,,,rt.csv
1,вспоминание,феномен,,,rt.csv
1,выдворение,возрождение,,,rt.csv
1,выдворение,приглашение,,,rt.csv
1,выдворение,отзыв,,,rt.csv
1,выдворение,оккупация,,,rt.csv
1,выдворение,архив,,,rt.csv
1,выдворение,отражение,,,rt.csv
1,выдворение,окружение,,,rt.csv
1,выдворение,возникновение,,,rt.csv
1,выдворение,кабинет,,,rt.csv
1,выдворение,мэр,,,rt.csv
1,выдворение,обслуживание,,,rt.csv
1,выдворение,столкновение,,,rt.csv
1,выдворение,анатолий,,,rt.csv
1,выдворение,татарин,,,rt.csv
1,выдворение,ядро,,,rt.csv
1,выдворение,отдых,,,rt.csv
1,выдворение,проспект,,,rt.csv
1,выдворение,согласие,,,rt.csv
1,вынесение,рисунок,,,rt.csv
1,вынесение,майкл,,,rt.csv
1,вынесение,ирландия,,,rt.csv
1,вынесение,суша,,,rt.csv
1,вынесение,протест,,,rt.csv
1,вынесение,елена,,,rt.csv
1,вынесение,товар,,,rt.csv
1,вынесение,батарея,,,rt.csv
1,вынесение,оператор,,,rt.csv
1,вынесение,монография,,,rt.csv
1,выстраивание,дружба,,,rt.csv
1,выстраивание,окрестности,,,rt.csv
1,выстраивание,процент,,,rt.csv
1,выстраивание,литва,,,rt.csv
1,выстраивание,чтение,,,rt.csv
1,выстраивание,поэзия,,,rt.csv
1,выстраивание,олег,,,rt.csv
1,выстраивание,оборот,,,rt.csv
1,выстраивание,вице-президент,,,rt.csv
1,выстраивание,словарь,,,rt.csv
1,выстраивание,питер,,,rt.csv
1,выстраивание,сити,,,rt.csv
1,выстраивание,бедность,,,rt.csv
1,выстраивание,аспирантура,,,rt.csv
1,выстраивание,кадр,,,rt.csv
1,выстраивание,предположение,,,rt.csv
1,выстраивание,неудача,,,rt.csv
1,выстраивание,минский,,,rt.csv
1,выстраивание,клетка,,,rt.csv
1,выстраивание,корреспондент,,,rt.csv
1,выстраивание,лицензия,,,rt.csv
1,выстраивание,магистр,,,rt.csv
1,гамма-луч,ткань,,,rt.csv
1,гамма-луч,крыша,,,rt.csv
1,генсек,обстановка,,,rt.csv
1,генсек,расследование,,,rt.csv
1,гидротехника,совхоз,,,rt.csv
1,гидротехника,осуществление,,,rt.csv
1,гидротехника,масштаб,,,rt.csv
1,гидротехника,финансирование,,,rt.csv
1,гидротехника,устав,,,rt.csv
1,гидротехника,вуз,,,rt.csv
1,гидротехника,пропаганда,,,rt.csv
1,гидротехника,вдова,,,rt.csv
1,гидротехника,часовня,,,rt.csv
1,гидротехника,общественность,,,rt.csv
1,гидротехника,строитель,,,rt.csv
1,гидротехника,стол,,,rt.csv
1,гидротехника,иоганн,,,rt.csv
1,гидротехника,призыв,,,rt.csv
1,гидротехника,возведение,,,rt.csv
1,гидротехника,комбинат,,,rt.csv
1,год,галактика,,,rt.csv
1,год,като,,,rt.csv
1,год,комарка,,,rt.csv
1,год,полуфинал,,,rt.csv
1,год,переводчик,,,rt.csv
1,горловой,бок,,,rt.csv
1,горловой,кость,,,rt.csv
1,горловой,останки,,,rt.csv
1,горловой,трава,,,rt.csv
1,горловой,популяция,,,rt.csv
1,горловой,дар,,,rt.csv
1,горловой,собака,,,rt.csv
1,горловой,пруд,,,rt.csv
1,горловой,заповедник,,,rt.csv
1,горловой,туризм,,,rt.csv
1,госдума,штаб-квартира,,,rt.csv
1,госдума,трудность,,,rt.csv
1,грация,леон,,,rt.csv
1,грация,иванов,,,rt.csv
1,грация,юность,,,rt.csv
1,грация,эмиграция,,,rt.csv
1,грохот,законодательство,,,rt.csv
1,грохот,кинофильм,,,rt.csv
1,дверь,староста,,,rt.csv
1,дверь,прибор,,,rt.csv
1,дверь,эффективность,,,rt.csv
1,дверь,цепь,,,rt.csv
1,дверь,чехословакия,,,rt.csv
1,дверь,ареал,,,rt.csv
1,делегат,размещение,,,rt.csv
1,делегат,хор,,,rt.csv
1,делегат,переселенец,,,rt.csv
1,делегат,понимание,,,rt.csv
1,дериватив,тенденция,,,rt.csv
1,дериватив,пакет,,,rt.csv
1,дешифрование,добавление,,,rt.csv
1,дешифрование,нахождение,,,rt.csv
1,дешифрование,переписка,,,rt.csv
1,дешифрование,запрос,,,rt.csv
1,дешифрование,выходной,,,rt.csv
1,дешифрование,сожаление,,,rt.csv
1,дешифрование,алан,,,rt.csv
1,дешифрование,сервер,,,rt.csv
1,дешифрование,патент,,,rt.csv
1,диоксид,аспект,,,rt.csv
1,диоксид,католик,,,rt.csv
1,дистанция,плей-офф,,,rt.csv
1,дистанция,мощь,,,rt.csv
1,дистанция,хоккей,,,rt.csv
1,дистанция,приобретение,,,rt.csv
1,дистанция,барселона,,,rt.csv
1,дистанция,орловский,,,rt.csv
1,дистанция,райцентр,,,rt.csv
1,дистанция,ооо,,,rt.csv
1,дистанция,андреевич,,,rt.csv
1,дистанция,атлетика,,,rt.csv
1,дистанция,покупка,,,rt.csv
1,дистанция,испанец,,,rt.csv
1,дистанция,антонио,,,rt.csv
1,дистанция,регистр,,,rt.csv
1,дистанция,наместник,,,rt.csv
1,дистанция,совещание,,,rt.csv
1,дистанция,освоение,,,rt.csv
1,дистанция,преподавание,,,rt.csv
1,дистанция,вратарь,,,rt.csv
1,дистанция,эдвард,,,rt.csv
1,дистанция,баку,,,rt.csv
1,дистанция,пекин,,,rt.csv
1,дистанция,костюм,,,rt.csv
1,дистанция,станислав,,,rt.csv
1,дистанция,парень,,,rt.csv
1,дистанция,украинец,,,rt.csv
1,дистанция,стебель,,,rt.csv
1,дистанция,фаза,,,rt.csv
1,дистанция,экспозиция,,,rt.csv
1,дистанция,земледелие,,,rt.csv
1,дистанция,стивен,,,rt.csv
1,дистанция,просмотр,,,rt.csv
1,довесок,пар,,,rt.csv
1,довесок,эндрю,,,rt.csv
1,довесок,канон,,,rt.csv
1,довесок,песнь,,,rt.csv
1,довесок,шпион,,,rt.csv
1,дольщик,ввод,,,rt.csv
1,дольщик,грань,,,rt.csv
1,дольщик,подтверждение,,,rt.csv
1,дольщик,подача,,,rt.csv
1,дольщик,экономист,,,rt.csv
1,дольщик,веб,,,rt.csv
1,доставка,гражданство,,,rt.csv
1,доставка,флорида,,,rt.csv
1,доставка,кустарник,,,rt.csv
1,доставка,мультфильм,,,rt.csv
1,доставка,уефа,,,rt.csv
1,доставка,гектар,,,rt.csv
1,доставка,гипотеза,,,rt.csv
1,доставка,миннесота,,,rt.csv
1,доставка,токио,,,rt.csv
1,доставка,уфа,,,rt.csv
1,доставка,подруга,,,rt.csv
1,доставка,ревизия,,,rt.csv
1,доставка,кодекс,,,rt.csv
1,доставка,бомбардировка,,,rt.csv
1,доставка,трофей,,,rt.csv
1,доставка,грек,,,rt.csv
1,доставка,отель,,,rt.csv
1,доставка,форум,,,rt.csv
1,доставка,хуан,,,rt.csv
1,доставка,консультант,,,rt.csv
1,доставка,орбита,,,rt.csv
1,доставка,конкурент,,,rt.csv
1,доставка,живописец,,,rt.csv
1,доставка,вертолет,,,rt.csv
1,доставка,модуль,,,rt.csv
1,дужка,нос,,,rt.csv
1,дужка,зуб,,,rt.csv
1,европеец,герман,,,rt.csv
1,европеец,экранизация,,,rt.csv
1,европеец,ангел,,,rt.csv
1,европеец,богатство,,,rt.csv
1,европеец,член-корреспондент,,,rt.csv
1,европеец,ячейка,,,rt.csv
1,европеец,дева,,,rt.csv
1,европеец,пение,,,rt.csv
1,европеец,внедрение,,,rt.csv
1,европеец,кастилия,,,rt.csv
1,европеец,верфь,,,rt.csv
1,европеец,проход,,,rt.csv
1,европеец,степь,,,rt.csv
1,европеец,уроженец,,,rt.csv
1,европеец,пленный,,,rt.csv
1,европеец,хосе,,,rt.csv
1,европеец,летопись,,,rt.csv
1,европеец,бухта,,,rt.csv
1,европеец,вселенная,,,rt.csv
1,европеец,весть,,,rt.csv
1,европеец,автомат,,,rt.csv
1,европеец,ожидание,,,rt.csv
1,европеец,коэффициент,,,rt.csv
1,европеец,претендент,,,rt.csv
1,европеец,пещера,,,rt.csv
1,европеец,уважение,,,rt.csv
1,европеец,переработка,,,rt.csv
1,европеец,механика,,,rt.csv
1,европеец,поступление,,,rt.csv
1,европеец,александровский,,,rt.csv
1,европеец,техас,,,rt.csv
1,европеец,полотнище,,,rt.csv
1,европеец,индустрия,,,rt.csv
1,европеец,кама,,,rt.csv
1,европеец,самоубийство,,,rt.csv
1,европеец,снабжение,,,rt.csv
1,европеец,крис,,,rt.csv
1,европеец,солист,,,rt.csv
1,европеец,джозеф,,,rt.csv
1,европеец,гимн,,,rt.csv
1,европеец,реорганизация,,,rt.csv
1,европеец,мясо,,,rt.csv
1,европеец,архипелаг,,,rt.csv
1,европеец,математик,,,rt.csv
1,европеец,сегмент,,,rt.csv
1,европеец,лорд,,,rt.csv
1,европеец,монголия,,,rt.csv
1,европеец,тренировка,,,rt.csv
1,европеец,сэр,,,rt.csv
1,европеец,профессионал,,,rt.csv
1,европеец,мвд,,,rt.csv
1,европеец,тракт,,,rt.csv
1,европеец,объяснение,,,rt.csv
1,европеец,адольф,,,rt.csv
1,европеец,пионер,,,rt.csv
1,европеец,активист,,,rt.csv
1,европеец,павловский,,,rt.csv
1,европеец,луис,,,rt.csv
1,европеец,скотт,,,rt.csv
1,европеец,бар,,,rt.csv
1,европеец,кирилл,,,rt.csv
1,европеец,британия,,,rt.csv
1,европеец,джек,,,rt.csv
1,европеец,верх,,,rt.csv
1,европеец,плита,,,rt.csv
1,европеец,трактат,,,rt.csv
1,европеец,верховье,,,rt.csv
1,европеец,промежуток,,,rt.csv
1,европеец,десятина,,,rt.csv
1,европеец,синтез,,,rt.csv
1,европеец,юстиция,,,rt.csv
1,европеец,обновление,,,rt.csv
1,жажда,кардинал,,,rt.csv
1,жажда,хлеб,,,rt.csv
1,жажда,лестница,,,rt.csv
1,жажда,киров,,,rt.csv
1,жажда,мода,,,rt.csv
1,жажда,раствор,,,rt.csv
1,жэк,дубль,,,rt.csv
1,жэк,опрос,,,rt.csv
1,жэк,клиника,,,rt.csv
1,жэк,зеркало,,,rt.csv
1,жэк,соблюдение,,,rt.csv
1,жэк,валентин,,,rt.csv
1,жэк,вадим,,,rt.csv
1,жэк,кавер-версия,,,rt.csv
1,жэк,общежитие,,,rt.csv
1,жэк,галина,,,rt.csv
1,жэк,экспертиза,,,rt.csv
1,жэк,бас-гитара,,,rt.csv
1,жэк,следователь,,,rt.csv
1,жэк,алиса,,,rt.csv
1,жэк,шмидт,,,rt.csv
1,жэк,изыскание,,,rt.csv
1,жэк,оправдание,,,rt.csv
1,заголовок,фланг,,,rt.csv
1,заголовок,интерфейс,,,rt.csv
1,заголовок,форсирование,,,rt.csv
1,заголовок,станица,,,rt.csv
1,заголовок,хит-парад,,,rt.csv
1,заголовок,милиция,,,rt.csv
1,заголовок,промысел,,,rt.csv
1,заголовок,субъект,,,rt.csv
1,заголовок,цивилизация,,,rt.csv
1,заголовок,шар,,,rt.csv
1,закипание,кран,,,rt.csv
1,заморозка,грунт,,,rt.csv
1,заморозка,депо,,,rt.csv
1,заморозка,тоннель,,,rt.csv
1,заморозка,бульвар,,,rt.csv
1,заполнение,уэльс,,,rt.csv
1,заполнение,пейзаж,,,rt.csv
1,заполнение,беженец,,,rt.csv
1,заполнение,дама,,,rt.csv
1,заполнение,стенка,,,rt.csv
1,заполнение,ирак,,,rt.csv
1,заполнение,юлия,,,rt.csv
1,заполнение,барабан,,,rt.csv
1,заполнение,обитание,,,rt.csv
1,заполнение,невеста,,,rt.csv
1,заполнение,бостон,,,rt.csv
1,заполнение,высадка,,,rt.csv
1,заполнение,навык,,,rt.csv
1,заполнение,подножие,,,rt.csv
1,заполнение,школьник,,,rt.csv
1,заполнение,джо,,,rt.csv
1,заполнение,противоречие,,,rt.csv
1,заполнение,геннадий,,,rt.csv
1,заполнение,европеец,,,rt.csv
1,заполнение,схватка,,,rt.csv
1,заполнение,сырье,,,rt.csv
1,заполнение,жилье,,,rt.csv
1,заполнение,сан-франциско,,,rt.csv
1,заполнение,препятствие,,,rt.csv
1,заполнение,дальность,,,rt.csv
1,заполнение,величество,,,rt.csv
1,заполнение,доверие,,,rt.csv
1,заполнение,спонсор,,,rt.csv
1,заполнение,убежище,,,rt.csv
1,заполнение,ярмарка,,,rt.csv
1,заполнение,кирпич,,,rt.csv
1,засушливость,вулкан,,,rt.csv
1,засушливость,машиностроение,,,rt.csv
1,засушливость,катание,,,rt.csv
1,засушливость,руда,,,rt.csv
1,засушливость,демократия,,,rt.csv
1,засушливость,плато,,,rt.csv
1,засушливость,отложение,,,rt.csv
1,засушливость,эндемик,,,rt.csv
1,зачитывание,поправка,,,rt.csv
1,зачитывание,отход,,,rt.csv
1,зачитывание,стрит,,,rt.csv
1,зачитывание,дуглас,,,rt.csv
1,землячество,яковлевич,,,rt.csv
1,землячество,увлечение,,,rt.csv
1,зоркость,посредник,,,rt.csv
1,зоркость,кончик,,,rt.csv
1,иерусалим,премьер,,,rt.csv
1,иерусалим,графиня,,,rt.csv
1,издержки,финалист,,,rt.csv
1,издержки,курорт,,,rt.csv
1,издержки,предводитель,,,rt.csv
1,издержки,грант,,,rt.csv
1,издержки,инструкция,,,rt.csv
1,издержки,напиток,,,rt.csv
1,издержки,вилла,,,rt.csv
1,издержки,эшелон,,,rt.csv
1,издержки,перемирие,,,rt.csv
1,издержки,надежность,,,rt.csv
1,издержки,завещание,,,rt.csv
1,издержки,филадельфия,,,rt.csv
1,издержки,дэвис,,,rt.csv
1,издержки,заработок,,,rt.csv
1,издержки,пароход,,,rt.csv
1,издержки,выезд,,,rt.csv
1,издержки,ролик,,,rt.csv
1,издержки,привод,,,rt.csv
1,изувер,гроб,,,rt.csv
1,изувер,очевидец,,,rt.csv
1,импрессионист,лион,,,rt.csv
1,импрессионист,электроника,,,rt.csv
1,инфекция,усик,,,rt.csv
1,инфекция,кислород,,,rt.csv
1,инфекция,прокуратура,,,rt.csv
1,инфекция,атланта,,,rt.csv
1,инфекция,турин,,,rt.csv
1,инфекция,аргумент,,,rt.csv
1,инфекция,алжир,,,rt.csv
1,инфекция,конвенция,,,rt.csv
1,инфекция,поставщик,,,rt.csv
1,инфекция,сюр,,,rt.csv
1,инфекция,глина,,,rt.csv
1,инфекция,петер,,,rt.csv
1,исповедник,тверская,,,rt.csv
1,исповедник,пакистан,,,rt.csv
1,итр,алмаз,,,rt.csv
1,итр,алюминий,,,rt.csv
1,итр,наркомат,,,rt.csv
1,итр,осужденный,,,rt.csv
1,каланча,павильон,,,rt.csv
1,каланча,функционирование,,,rt.csv
1,каланча,вологда,,,rt.csv
1,каракалпак,ущелие,,,rt.csv
1,каракалпак,жительство,,,rt.csv
1,каракалпак,буря,,,rt.csv
1,каракалпак,урочище,,,rt.csv
1,карусель,противодействие,,,rt.csv
1,карусель,волейбол,,,rt.csv
1,карусель,мид,,,rt.csv
1,карусель,кредит,,,rt.csv
1,карусель,военнопленный,,,rt.csv
1,карусель,вещание,,,rt.csv
1,карусель,импульс,,,rt.csv
1,карусель,отъезд,,,rt.csv
1,карусель,фонтан,,,rt.csv
1,карусель,секрет,,,rt.csv
1,карусель,бонус,,,rt.csv
1,карусель,пятница,,,rt.csv
1,карусель,заказчик,,,rt.csv
1,кейптаун,пенальти,,,rt.csv
1,кинотеатр,землевладелец,,,rt.csv
1,кинотеатр,спб,,,rt.csv
1,кинотеатр,рейх,,,rt.csv
1,кинотеатр,око,,,rt.csv
1,кинотеатр,даниэль,,,rt.csv
1,кинотеатр,иркутск,,,rt.csv
1,кинотеатр,флоренция,,,rt.csv
1,кинотеатр,лавра,,,rt.csv
1,кинотеатр,суворов,,,rt.csv
1,кинотеатр,дракон,,,rt.csv
1,кинотеатр,социалист,,,rt.csv
1,кинотеатр,еда,,,rt.csv
1,кинотеатр,квартет,,,rt.csv
1,кинотеатр,тяжесть,,,rt.csv
1,кинотеатр,подданный,,,rt.csv
1,кинотеатр,вальтер,,,rt.csv
1,кинотеатр,нина,,,rt.csv
1,кинотеатр,вред,,,rt.csv
1,кинотеатр,гигант,,,rt.csv
1,кинотеатр,кладка,,,rt.csv
1,клейка,снимок,,,rt.csv
1,клейка,фут,,,rt.csv
1,клейка,техник,,,rt.csv
1,клейка,сближение,,,rt.csv
1,клейка,вхождение,,,rt.csv
1,клейка,симптом,,,rt.csv
1,клейка,связка,,,rt.csv
1,книжка,референдум,,,rt.csv
1,книжка,сахар,,,rt.csv
1,книжка,луиза,,,rt.csv
1,книжка,лапа,,,rt.csv
1,книжка,богдан,,,rt.csv
1,книжка,алекс,,,rt.csv
1,книжка,шах,,,rt.csv
1,книжка,фредерик,,,rt.csv
1,книжка,катер,,,rt.csv
1,книжка,смещение,,,rt.csv
1,книжка,череда,,,rt.csv
1,книжка,заселение,,,rt.csv
1,книжка,девиз,,,rt.csv
1,книжка,кристофер,,,rt.csv
1,книжка,секс,,,rt.csv
1,книжка,контр-адмирал,,,rt.csv
1,книжка,генератор,,,rt.csv
1,книжка,загрузка,,,rt.csv
1,книжка,кристина,,,rt.csv
1,книжка,соотечественник,,,rt.csv
1,книжка,интенсивность,,,rt.csv
1,книжка,свита,,,rt.csv
1,книжка,скрипач,,,rt.csv
1,книжка,таллин,,,rt.csv
1,книжка,гетман,,,rt.csv
1,книжка,гитлеровец,,,rt.csv
1,книжка,бунт,,,rt.csv
1,книжка,змея,,,rt.csv
1,колбаса,пво,,,rt.csv
1,колбаса,керамика,,,rt.csv
1,колбаса,домашние,,,rt.csv
1,колбаса,миномет,,,rt.csv
1,колбаса,рудник,,,rt.csv
1,колбаса,исландия,,,rt.csv
1,колбаса,квадрат,,,rt.csv
1,комиссар,босния,,,rt.csv
1,комиссар,капелла,,,rt.csv
1,комиссар,предводительство,,,rt.csv
1,комиссар,трио,,,rt.csv
1,комиссар,руины,,,rt.csv
1,комиссар,красноярск,,,rt.csv
1,комиссар,баня,,,rt.csv
1,комиссар,себастьян,,,rt.csv
1,комиссар,алкоголь,,,rt.csv
1,конверт,ремикс,,,rt.csv
1,конверт,тайвань,,,rt.csv
1,контейнеровоз,ров,,,rt.csv
1,контейнеровоз,крона,,,rt.csv
1,коньяк,валюта,,,rt.csv
1,коньяк,малолетний,,,rt.csv
1,коньяк,латынь,,,rt.csv
1,коньяк,педро,,,rt.csv
1,короб,ударник,,,rt.csv
1,короб,бюст,,,rt.csv
1,короб,потолок,,,rt.csv
1,короб,удобство,,,rt.csv
1,короб,подвеска,,,rt.csv
1,короб,шкала,,,rt.csv
1,косточка,синдром,,,rt.csv
1,косточка,очистка,,,rt.csv
1,косточка,столовая,,,rt.csv
1,косточка,лепесток,,,rt.csv
1,косточка,тычинка,,,rt.csv
1,косточка,филиппины,,,rt.csv
1,косточка,живот,,,rt.csv
1,косточка,туман,,,rt.csv
1,косточка,примесь,,,rt.csv
1,косточка,квебек,,,rt.csv
1,косточка,влажность,,,rt.csv
1,косточка,мешок,,,rt.csv
1,косточка,пучок,,,rt.csv
1,косточка,преобладание,,,rt.csv
1,косточка,головка,,,rt.csv
1,косточка,физиология,,,rt.csv
1,косточка,плантация,,,rt.csv
1,кремнезем,геолог,,,rt.csv
1,кротость,софья,,,rt.csv
1,кротость,тревога,,,rt.csv
1,кротость,сказание,,,rt.csv
1,кротость,голицын,,,rt.csv
1,купля,посполита,,,rt.csv
1,купля,настройка,,,rt.csv
1,купля,составитель,,,rt.csv
1,купля,словения,,,rt.csv
1,купля,наводнение,,,rt.csv
1,купля,тверь,,,rt.csv
1,купля,евангелие,,,rt.csv
1,купля,протестант,,,rt.csv
1,купля,регламент,,,rt.csv
1,купля,местонахождение,,,rt.csv
1,купля,разгар,,,rt.csv
1,купля,вспышка,,,rt.csv
1,купля,закладка,,,rt.csv
1,купля,роспуск,,,rt.csv
1,купля,пересмотр,,,rt.csv
1,купля,выручка,,,rt.csv
1,купля,мятежник,,,rt.csv
1,купля,историография,,,rt.csv
1,купля,законопроект,,,rt.csv
1,лампочка,ружье,,,rt.csv
1,лампочка,банка,,,rt.csv
1,лампочка,турбина,,,rt.csv
1,лампочка,крышка,,,rt.csv
1,лампочка,указатель,,,rt.csv
1,лампочка,фильтр,,,rt.csv
1,лампочка,оснащение,,,rt.csv
1,лампочка,компоновка,,,rt.csv
1,лампочка,превышение,,,rt.csv
1,лампочка,док,,,rt.csv
1,лампочка,дублер,,,rt.csv
1,лампочка,погружение,,,rt.csv
1,лампочка,жесткость,,,rt.csv
1,лампочка,отдача,,,rt.csv
1,лампочка,белье,,,rt.csv
1,лексика,колонист,,,rt.csv
1,лексика,валенсия,,,rt.csv
1,лексика,наместничество,,,rt.csv
1,лексика,священнослужитель,,,rt.csv
1,летосчисление,деяние,,,rt.csv
1,летосчисление,рабство,,,rt.csv
1,лицеист,ницца,,,rt.csv
1,лицеист,роскошь,,,rt.csv
1,лицеист,мгимо,,,rt.csv
1,лоск,благо,,,rt.csv
1,лоск,вставка,,,rt.csv
1,любопытство,младенец,,,rt.csv
1,любопытство,грин,,,rt.csv
1,макроорганизм,белка,,,rt.csv
1,макроорганизм,желудок,,,rt.csv
1,макроорганизм,чувствительность,,,rt.csv
1,макроорганизм,диагноз,,,rt.csv
1,макроорганизм,подгруппа,,,rt.csv
1,макроорганизм,обострение,,,rt.csv
1,макроорганизм,бета,,,rt.csv
1,макроорганизм,плазма,,,rt.csv
1,макроорганизм,греча,,,rt.csv
1,макроорганизм,локализация,,,rt.csv
1,макроорганизм,рецептор,,,rt.csv
1,макроорганизм,тиф,,,rt.csv
1,макроорганизм,сустав,,,rt.csv
1,макроорганизм,пневмония,,,rt.csv
1,мариуполь,террор,,,rt.csv
1,мариуполь,курсант,,,rt.csv
1,медиахолдинг,расписание,,,rt.csv
1,медиахолдинг,вятка,,,rt.csv
1,медиахолдинг,эстрада,,,rt.csv
1,медиахолдинг,михайлов,,,rt.csv
1,медиахолдинг,телепередача,,,rt.csv
1,медиахолдинг,лебедев,,,rt.csv
1,медиахолдинг,белорус,,,rt.csv
1,медиахолдинг,волгоград,,,rt.csv
1,медиахолдинг,стройка,,,rt.csv
1,медиахолдинг,полдень,,,rt.csv
1,медиахолдинг,паника,,,rt.csv
1,медиахолдинг,бутылка,,,rt.csv
1,медиахолдинг,близкие,,,rt.csv
1,мерило,яблоко,,,rt.csv
1,мерило,импорт,,,rt.csv
1,мерило,уступка,,,rt.csv
1,мерило,платон,,,rt.csv
1,метка,волокно,,,rt.csv
1,метка,монстр,,,rt.csv
1,метка,наведение,,,rt.csv
1,метка,ягода,,,rt.csv
1,метка,якорь,,,rt.csv
1,метка,порошок,,,rt.csv
1,метка,клавишник,,,rt.csv
1,метка,углерод,,,rt.csv
1,метка,перехват,,,rt.csv
1,метка,горец,,,rt.csv
1,метка,слог,,,rt.csv
1,метка,облегчение,,,rt.csv
1,метка,пиво,,,rt.csv
1,метка,тормоз,,,rt.csv
1,метка,глагол,,,rt.csv
1,метка,картинка,,,rt.csv
1,микробиология,семенов,,,rt.csv
1,минтранс,венок,,,rt.csv
1,молодожен,горло,,,rt.csv
1,молодожен,ник,,,rt.csv
1,монтирование,пластина,,,rt.csv
1,монтирование,датчик,,,rt.csv
1,монтирование,яркость,,,rt.csv
1,монтирование,скважина,,,rt.csv
1,монтирование,автоматизация,,,rt.csv
1,монтирование,гост,,,rt.csv
1,монтирование,функциональность,,,rt.csv
1,монтирование,монитор,,,rt.csv
1,мошенница,джефф,,,rt.csv
1,мошенница,танцовщица,,,rt.csv
1,мошенница,джош,,,rt.csv
1,мошенница,сговор,,,rt.csv
1,мягкость,шейх,,,rt.csv
1,мягкость,обед,,,rt.csv
1,мягкость,словесность,,,rt.csv
1,мягкость,хаос,,,rt.csv
1,назарет,монахиня,,,rt.csv
1,назарет,марио,,,rt.csv
1,напряжение,писание,,,rt.csv
1,напряжение,барнаул,,,rt.csv
1,напряжение,сеньор,,,rt.csv
1,напряжение,знаток,,,rt.csv
1,напряжение,вица,,,rt.csv
1,напряжение,префект,,,rt.csv
1,напряжение,моцарт,,,rt.csv
1,напряжение,наследница,,,rt.csv
1,напряжение,заимствование,,,rt.csv
1,напряжение,эквадор,,,rt.csv
1,напряжение,кембридж,,,rt.csv
1,напряжение,варвара,,,rt.csv
1,напряжение,курск,,,rt.csv
1,напряжение,вестфалия,,,rt.csv
1,напряжение,трещина,,,rt.csv
1,напряжение,дедушка,,,rt.csv
1,натирание,завоеватель,,,rt.csv
1,натирание,привычка,,,rt.csv
1,натирание,шкура,,,rt.csv
1,натирание,деформация,,,rt.csv
1,натирание,моча,,,rt.csv
1,начисление,монако,,,rt.csv
1,начисление,старшинство,,,rt.csv
1,начисление,автогонки,,,rt.csv
1,начисление,вице-чемпион,,,rt.csv
1,начисление,бруно,,,rt.csv
1,начисление,бюллетень,,,rt.csv
1,начисление,оптимизация,,,rt.csv
1,начисление,сиэтл,,,rt.csv
1,начисление,контент,,,rt.csv
1,начисление,специфика,,,rt.csv
1,недоработанность,прицел,,,rt.csv
1,недоработанность,похвала,,,rt.csv
1,недоработанность,бронирование,,,rt.csv
1,недоработанность,подвижность,,,rt.csv
1,неоднозначность,отсылка,,,rt.csv
1,неоднозначность,скобка,,,rt.csv
1,неспособность,бангладеш,,,rt.csv
1,неспособность,макаров,,,rt.csv
1,неспособность,лебедь,,,rt.csv
1,неспособность,дэйв,,,rt.csv
1,неспособность,афанасий,,,rt.csv
1,неспособность,отсчет,,,rt.csv
1,неспособность,снайпер,,,rt.csv
1,неспособность,республиканец,,,rt.csv
1,неспособность,закупка,,,rt.csv
1,неспособность,предместье,,,rt.csv
1,нефтепромысел,телеграмма,,,rt.csv
1,нефтепромысел,галиция,,,rt.csv
1,нефтепромысел,вражда,,,rt.csv
1,нефтепромысел,земляк,,,rt.csv
1,нефтепромысел,расселение,,,rt.csv
1,нефтепромысел,филип,,,rt.csv
1,нефтепромысел,карпаты,,,rt.csv
1,нефтепромысел,репортаж,,,rt.csv
1,нко,днестр,,,rt.csv
1,нко,тамара,,,rt.csv
1,ноутбук,репортер,,,rt.csv
1,ноутбук,сокр,,,rt.csv
1,ноутбук,яхта,,,rt.csv
1,ноутбук,диана,,,rt.csv
1,ноутбук,томпсон,,,rt.csv
1,ноутбук,загадка,,,rt.csv
1,ноутбук,медсестра,,,rt.csv
1,ноутбук,реактор,,,rt.csv
1,ноутбук,раковина,,,rt.csv
1,ноутбук,садоводство,,,rt.csv
1,обивка,титан,,,rt.csv
1,обивка,габарит,,,rt.csv
1,обострение,вокалистка,,,rt.csv
1,обострение,окружность,,,rt.csv
1,обыкновение,стольник,,,rt.csv
1,обыкновение,инсульт,,,rt.csv
1,обыкновение,воззрение,,,rt.csv
1,обыкновение,эрмитаж,,,rt.csv
1,обыкновение,мыслитель,,,rt.csv
1,обыкновение,ковер,,,rt.csv
1,обыкновение,бирмингем,,,rt.csv
1,обыкновение,песчаник,,,rt.csv
1,обыкновение,материя,,,rt.csv
1,обыкновение,фредерика,,,rt.csv
1,обыкновение,моисей,,,rt.csv
1,обыкновение,бессарабия,,,rt.csv
1,однокашник,пласт,,,rt.csv
1,однокашник,подмосковье,,,rt.csv
1,однокашник,рапорт,,,rt.csv
1,однокашник,давыдов,,,rt.csv
1,однокашник,сорбонна,,,rt.csv
1,однокашник,новшество,,,rt.csv
1,однокашник,абрамович,,,rt.csv
1,однокашник,мадам,,,rt.csv
1,однокашник,холера,,,rt.csv
1,однокашник,мельников,,,rt.csv
1,однокашник,флигель,,,rt.csv
1,однокашник,казначейство,,,rt.csv
1,однокашник,азбука,,,rt.csv
1,однокашник,автограф,,,rt.csv
1,однокашник,матвеев,,,rt.csv
1,окрашивание,паразит,,,rt.csv
1,окрашивание,первооткрыватель,,,rt.csv
1,окрашивание,трансформация,,,rt.csv
1,окрашивание,удобрение,,,rt.csv
1,окрашивание,курица,,,rt.csv
1,окрашивание,номенклатура,,,rt.csv
1,окрашивание,извлечение,,,rt.csv
1,окрашивание,хлопок,,,rt.csv
1,окрашивание,кол,,,rt.csv
1,окрашивание,добавка,,,rt.csv
1,окрашивание,джунгли,,,rt.csv
1,окрашивание,стела,,,rt.csv
1,окрашивание,фотоаппарат,,,rt.csv
1,окрашивание,крыса,,,rt.csv
1,окрашивание,кент,,,rt.csv
1,окрашивание,свинец,,,rt.csv
1,окрашивание,листочек,,,rt.csv
1,окрашивание,низ,,,rt.csv
1,окрашивание,тростник,,,rt.csv
1,окрашивание,выдержка,,,rt.csv
1,окрашивание,проф,,,rt.csv
1,окрашивание,отвод,,,rt.csv
1,окрашивание,бензин,,,rt.csv
1,окрашивание,кон,,,rt.csv
1,окрашивание,придание,,,rt.csv
1,окрашивание,морфология,,,rt.csv
1,окрашивание,райт,,,rt.csv
1,окрашивание,чан,,,rt.csv
1,описание,удмуртия,,,rt.csv
1,описание,заказник,,,rt.csv
1,описание,силезия,,,rt.csv
1,описание,мордовия,,,rt.csv
1,описание,улус,,,rt.csv
1,описание,застава,,,rt.csv
1,описание,паломник,,,rt.csv
1,описание,терек,,,rt.csv
1,описание,жлобин,,,rt.csv
1,описание,ель,,,rt.csv
1,описание,лава,,,rt.csv
1,описание,извержение,,,rt.csv
1,описание,виноград,,,rt.csv
1,описание,венчик,,,rt.csv
1,описание,колос,,,rt.csv
1,описание,тайга,,,rt.csv
1,описание,птенец,,,rt.csv
1,описание,штурмовик,,,rt.csv
1,описание,андреа,,,rt.csv
1,описание,ганновер,,,rt.csv
1,описание,выборг,,,rt.csv
1,описание,колхозник,,,rt.csv
1,описание,зоопарк,,,rt.csv
1,описание,лима,,,rt.csv
1,описание,повет,,,rt.csv
1,описание,родник,,,rt.csv
1,описание,социал-демократ,,,rt.csv
1,описание,спринт,,,rt.csv
1,описание,коста-рика,,,rt.csv
1,описание,домохозяйка,,,rt.csv
1,организованность,танкист,,,rt.csv
1,организованность,разбойник,,,rt.csv
1,организованность,брод,,,rt.csv
1,организованность,страхование,,,rt.csv
1,осмысление,просветитель,,,rt.csv
1,осмысление,расхождение,,,rt.csv
1,осмысление,изъятие,,,rt.csv
1,осмысление,служитель,,,rt.csv
1,осмысление,христиан,,,rt.csv
1,осмысление,дыра,,,rt.csv
1,осмысление,отрицание,,,rt.csv
1,осмысление,акварель,,,rt.csv
1,отверждение,вакуум,,,rt.csv
1,отверждение,катализатор,,,rt.csv
1,отверждение,амин,,,rt.csv
1,откос,мостик,,,rt.csv
1,откос,бобруйск,,,rt.csv
1,откос,трапезная,,,rt.csv
1,откос,егоров,,,rt.csv
1,откос,задержание,,,rt.csv
1,откос,кромка,,,rt.csv
1,откос,бриллиант,,,rt.csv
1,откос,гестапо,,,rt.csv
1,откос,уборка,,,rt.csv
1,откос,заводский,,,rt.csv
1,откос,иммиграция,,,rt.csv
1,откос,подручный,,,rt.csv
1,откос,неф,,,rt.csv
1,откос,зодчий,,,rt.csv
1,откос,паводок,,,rt.csv
1,откос,опись,,,rt.csv
1,откос,напор,,,rt.csv
1,откос,горисполком,,,rt.csv
1,откос,апсида,,,rt.csv
1,откос,контрразведка,,,rt.csv
1,откос,сау,,,rt.csv
1,откос,алкоголизм,,,rt.csv
1,откос,евангелист,,,rt.csv
1,откос,ополченец,,,rt.csv
1,откос,ротор,,,rt.csv
1,откос,взрывчатка,,,rt.csv
1,откос,фронтон,,,rt.csv
1,откос,бункер,,,rt.csv
1,отправитель,зубцов,,,rt.csv
1,отправитель,графа,,,rt.csv
1,отстрел,штык,,,rt.csv
1,отстрел,камерун,,,rt.csv
1,отстрел,ангола,,,rt.csv
1,отстрел,опекун,,,rt.csv
1,падение,лайнер,,,rt.csv
1,падение,месса,,,rt.csv
1,падение,клавиша,,,rt.csv
1,падение,фюзеляж,,,rt.csv
1,падение,пианистка,,,rt.csv
1,падение,нежелание,,,rt.csv
1,падение,шпионаж,,,rt.csv
1,падение,ямайка,,,rt.csv
1,падение,тракторист,,,rt.csv
1,падение,авиадивизия,,,rt.csv
1,падение,конус,,,rt.csv
1,парадигма,сайда,,,rt.csv
1,парадигма,разрез,,,rt.csv
1,парадигма,нефтяник,,,rt.csv
1,парадигма,спикер,,,rt.csv
1,парадигма,приватизация,,,rt.csv
1,парадигма,башкирия,,,rt.csv
1,парфюм,тара,,,rt.csv
1,парфюм,кэмпбелл,,,rt.csv
1,парфюм,уоррен,,,rt.csv
1,парфюм,декада,,,rt.csv
1,педиатр,мэриленд,,,rt.csv
1,педиатр,микроорганизм,,,rt.csv
1,педиатр,ячмень,,,rt.csv
1,перегородка,столбик,,,rt.csv
1,перегородка,фараон,,,rt.csv
1,перегородка,обрыв,,,rt.csv
1,перегородка,индуизм,,,rt.csv
1,перепел,неволя,,,rt.csv
1,перепел,ария,,,rt.csv
1,переутомление,хулиган,,,rt.csv
1,переутомление,налаживание,,,rt.csv
1,переутомление,дороговизна,,,rt.csv
1,переутомление,билль,,,rt.csv
1,переутомление,желудочек,,,rt.csv
1,переутомление,атеросклероз,,,rt.csv
1,петербуржец,газпром,,,rt.csv
1,петербуржец,сумерки,,,rt.csv
1,петербуржец,черноморец,,,rt.csv
1,петербуржец,сенсация,,,rt.csv
1,петербуржец,огонек,,,rt.csv
1,петербуржец,мини-футбол,,,rt.csv
1,петербуржец,рождаемость,,,rt.csv
1,петербуржец,лазарь,,,rt.csv
1,петербуржец,фсб,,,rt.csv
1,петербуржец,совнарком,,,rt.csv
1,петербуржец,празднество,,,rt.csv
1,петербуржец,салтыков,,,rt.csv
1,петербуржец,христофор,,,rt.csv
1,петербуржец,ювентус,,,rt.csv
1,петербуржец,богданов,,,rt.csv
1,петербуржец,удостоверение,,,rt.csv
1,петербуржец,путеводитель,,,rt.csv
1,петербуржец,руссо,,,rt.csv
1,писательница,миллионер,,,rt.csv
1,писательница,гренобль,,,rt.csv
1,писательница,грузин,,,rt.csv
1,писательница,андалусия,,,rt.csv
1,писательница,захаров,,,rt.csv
1,писательница,шериф,,,rt.csv
1,писательница,совр,,,rt.csv
1,писательница,катарина,,,rt.csv
1,писательница,репин,,,rt.csv
1,писательница,токарь,,,rt.csv
1,писательница,соучредитель,,,rt.csv
1,писательница,вампир,,,rt.csv
1,писательница,мхат,,,rt.csv
1,писательница,мичман,,,rt.csv
1,писательница,совладелец,,,rt.csv
1,писательница,языкознание,,,rt.csv
1,писательница,маньчжурия,,,rt.csv
1,писательница,легат,,,rt.csv
1,писательница,маршалл,,,rt.csv
1,писательница,эрих,,,rt.csv
1,писательница,антанта,,,rt.csv
1,писательница,банкнота,,,rt.csv
1,писательница,пабло,,,rt.csv
1,писательница,рыбинск,,,rt.csv
1,писательница,вскрытие,,,rt.csv
1,писательница,альфонсо,,,rt.csv
1,писательница,бонапарт,,,rt.csv
1,писательница,андреевна,,,rt.csv
1,писательница,виноградов,,,rt.csv
1,писательница,тиран,,,rt.csv
1,писательница,луизиана,,,rt.csv
1,писательница,сопрано,,,rt.csv
1,писательница,офф,,,rt.csv
1,писательница,эсер,,,rt.csv
1,писательница,планка,,,rt.csv
1,писательница,дэниел,,,rt.csv
1,писательница,ялта,,,rt.csv
1,писательница,фехтование,,,rt.csv
1,писательница,игнатий,,,rt.csv
1,писательница,гродно,,,rt.csv
1,писательница,склеп,,,rt.csv
1,писательница,поза,,,rt.csv
1,писательница,харрис,,,rt.csv
1,писательница,родословная,,,rt.csv
1,писательница,приданое,,,rt.csv
1,писательница,максимович,,,rt.csv
1,писательница,мекленбург,,,rt.csv
1,плач,манускрипт,,,rt.csv
1,плач,уста,,,rt.csv
1,плач,фокс,,,rt.csv
1,плач,нищета,,,rt.csv
1,повал,вознесение,,,rt.csv
1,повал,сбой,,,rt.csv
1,подборка,леонидович,,,rt.csv
1,подборка,фронтмен,,,rt.csv
1,подборка,мастер-класс,,,rt.csv
1,подборка,кастинг,,,rt.csv
1,подборка,пристрастие,,,rt.csv
1,подборка,дмитриевна,,,rt.csv
1,подлость,перчатка,,,rt.csv
1,подлость,лабиринт,,,rt.csv
1,подлость,отшельник,,,rt.csv
1,подлость,изнасилование,,,rt.csv
1,подспорье,жизнедеятельность,,,rt.csv
1,подспорье,нестабильность,,,rt.csv
1,подспорье,метрополия,,,rt.csv
1,подспорье,бревно,,,rt.csv
1,подспорье,слоган,,,rt.csv
1,подспорье,преображение,,,rt.csv
1,подспорье,душ,,,rt.csv
1,подспорье,корвет,,,rt.csv
1,подспорье,избыток,,,rt.csv
1,подспорье,разлив,,,rt.csv
1,подспорье,каторга,,,rt.csv
1,подспорье,мель,,,rt.csv
1,подспорье,моррис,,,rt.csv
1,подспорье,случайность,,,rt.csv
1,подспорье,гриф,,,rt.csv
1,подспорье,полина,,,rt.csv
1,подспорье,гималаи,,,rt.csv
1,подспорье,залежь,,,rt.csv
1,подспорье,лютеранин,,,rt.csv
1,подспорье,сопоставление,,,rt.csv
1,подспорье,пресечение,,,rt.csv
1,подспорье,лось,,,rt.csv
1,подспорье,гвоздь,,,rt.csv
1,подспорье,гончаров,,,rt.csv
1,подспорье,дьякон,,,rt.csv
1,подспорье,матка,,,rt.csv
1,подспорье,лисица,,,rt.csv
1,подспорье,индивидуальность,,,rt.csv
1,подспорье,восхищение,,,rt.csv
1,подспорье,плот,,,rt.csv
1,подспорье,овес,,,rt.csv
1,подспорье,запустение,,,rt.csv
1,подспорье,нестор,,,rt.csv
1,подспорье,сторож,,,rt.csv
1,подспорье,сопка,,,rt.csv
1,подспорье,междоусобица,,,rt.csv
1,подспорье,телосложение,,,rt.csv
1,подспорье,поголовье,,,rt.csv
1,подспорье,самодеятельность,,,rt.csv
1,подспорье,апогей,,,rt.csv
1,подспорье,психика,,,rt.csv
1,подспорье,водка,,,rt.csv
1,подспорье,заинтересованность,,,rt.csv
1,подспорье,охранение,,,rt.csv
1,подспорье,плоскогорье,,,rt.csv
1,подспорье,тральщик,,,rt.csv
1,подспорье,якутск,,,rt.csv
1,подспорье,рысь,,,rt.csv
1,подспорье,порция,,,rt.csv
1,подспорье,оттепель,,,rt.csv
1,подспорье,соприкосновение,,,rt.csv
1,полоцк,романович,,,rt.csv
1,поп,рено,,,rt.csv
1,поп,белл,,,rt.csv
1,поп,сияние,,,rt.csv
1,поп,таймс,,,rt.csv
1,поп,симметрия,,,rt.csv
1,поп,анархист,,,rt.csv
1,поп,межевание,,,rt.csv
1,поп,шульц,,,rt.csv
1,поп,афиша,,,rt.csv
1,поп,самосознание,,,rt.csv
1,поп,телезритель,,,rt.csv
1,поп,американка,,,rt.csv
1,поп,писарь,,,rt.csv
1,поп,телохранитель,,,rt.csv
1,поп,будни,,,rt.csv
1,поп,крокодил,,,rt.csv
1,поп,паралич,,,rt.csv
1,поп,сильвестр,,,rt.csv
1,поп,оливье,,,rt.csv
1,поп,алессандро,,,rt.csv
1,поп,неожиданность,,,rt.csv
1,поп,магистрат,,,rt.csv
1,поп,кай,,,rt.csv
1,поп,кириллица,,,rt.csv
1,порча,хронист,,,rt.csv
1,порча,реалити-шоу,,,rt.csv
1,порча,эмиссия,,,rt.csv
1,порча,гигиена,,,rt.csv
1,посыльный,работоспособность,,,rt.csv
1,посыльный,богатырь,,,rt.csv
1,посыльный,спенсер,,,rt.csv
1,посыльный,узы,,,rt.csv
1,посыльный,подлодка,,,rt.csv
1,посыльный,пробка,,,rt.csv
1,посыльный,кореец,,,rt.csv
1,посыльный,мелководье,,,rt.csv
1,посыльный,гибралтар,,,rt.csv
1,посыльный,белогвардеец,,,rt.csv
1,посыльный,поимка,,,rt.csv
1,посыльный,погрузка,,,rt.csv
1,посыльный,шлюпка,,,rt.csv
1,посыльный,судостроение,,,rt.csv
1,посыльный,витязь,,,rt.csv
1,посыльный,рута,,,rt.csv
1,посыльный,разоблачение,,,rt.csv
1,посыльный,сослуживец,,,rt.csv
1,пояснение,шоу-бизнес,,,rt.csv
1,пояснение,обама,,,rt.csv
1,пояснение,нефтепродукт,,,rt.csv
1,пояснение,унификация,,,rt.csv
1,пояснение,реверс,,,rt.csv
1,пояснение,перенесение,,,rt.csv
1,пояснение,бард,,,rt.csv
1,пояснение,проблематика,,,rt.csv
1,пояснение,уклад,,,rt.csv
1,пояснение,конструирование,,,rt.csv
1,пояснение,антрополог,,,rt.csv
1,пояснение,сожжение,,,rt.csv
1,пояснение,продолжатель,,,rt.csv
1,пояснение,фриз,,,rt.csv
1,пояснение,косово,,,rt.csv
1,пояснение,катерина,,,rt.csv
1,пояснение,таможня,,,rt.csv
1,пояснение,поджог,,,rt.csv
1,пояснение,вебер,,,rt.csv
1,пояснение,ток-шоу,,,rt.csv
1,пояснение,максимов,,,rt.csv
1,пояснение,востоковедение,,,rt.csv
1,пояснение,готфрид,,,rt.csv
1,пояснение,клевета,,,rt.csv
1,пояснение,восшествие,,,rt.csv
1,пояснение,арифметика,,,rt.csv
1,пояснение,бин,,,rt.csv
1,пояснение,тетрадь,,,rt.csv
1,пояснение,ладонь,,,rt.csv
1,пояснение,арсений,,,rt.csv
1,пояснение,рояль,,,rt.csv
1,пояснение,привлекательность,,,rt.csv
1,пояснение,узбек,,,rt.csv
1,пояснение,муссолини,,,rt.csv
1,пояснение,норманн,,,rt.csv
1,пояснение,мэй,,,rt.csv
1,пояснение,свиток,,,rt.csv
1,пояснение,кинокартина,,,rt.csv
1,пояснение,урожд,,,rt.csv
1,пояснение,ассимиляция,,,rt.csv
1,предатель,рикардо,,,rt.csv
1,предатель,ален,,,rt.csv
1,предатель,гилберт,,,rt.csv
1,предатель,оазис,,,rt.csv
1,представительство,щукин,,,rt.csv
1,представительство,гаврилович,,,rt.csv
1,представительство,резервуар,,,rt.csv
1,представительство,каньон,,,rt.csv
1,представительство,гром,,,rt.csv
1,представительство,исповедник,,,rt.csv
1,представительство,пианино,,,rt.csv
1,представительство,гетеборг,,,rt.csv
1,представительство,колорит,,,rt.csv
1,представительство,устюг,,,rt.csv
1,представительство,благовещение,,,rt.csv
1,представительство,предшественница,,,rt.csv
1,представительство,белла,,,rt.csv
1,представительство,пал,,,rt.csv
1,преподавательница,номинанта,,,rt.csv
1,преподавательница,конвент,,,rt.csv
1,прибывание,гильом,,,rt.csv
1,прибывание,сеньория,,,rt.csv
1,примыкание,быков,,,rt.csv
1,примыкание,свердлов,,,rt.csv
1,прихожанин,навес,,,rt.csv
1,прихожанин,латыш,,,rt.csv
1,прихожанин,гатчина,,,rt.csv
1,прихожанин,уокер,,,rt.csv
1,прихожанин,филиппович,,,rt.csv
1,прихожанин,саут,,,rt.csv
1,прихожанин,мухин,,,rt.csv
1,прихожанин,марианна,,,rt.csv
1,продуктивность,окунь,,,rt.csv
1,продуктивность,полупустыня,,,rt.csv
1,продуктивность,рао,,,rt.csv
1,пролонгация,кардифф,,,rt.csv
1,проросток,створка,,,rt.csv
1,противоположность,продюсирование,,,rt.csv
1,противоположность,альба,,,rt.csv
1,противоположность,моль,,,rt.csv
1,противоположность,хэви,,,rt.csv
1,противоположность,гейдельберг,,,rt.csv
1,противоположность,соперница,,,rt.csv
1,противоположность,налогообложение,,,rt.csv
1,противоположность,мон,,,rt.csv
1,пруток,литье,,,rt.csv
1,пруток,слиток,,,rt.csv
1,пруток,скоба,,,rt.csv
1,пуск,хакасия,,,rt.csv
1,пуск,мкад,,,rt.csv
1,пуск,грампластинка,,,rt.csv
1,пуск,директория,,,rt.csv
1,пуск,правопорядок,,,rt.csv
1,пуск,разоружение,,,rt.csv
1,пуск,мариуполь,,,rt.csv
1,пуск,заморозок,,,rt.csv
1,пуск,новочеркасск,,,rt.csv
1,пуск,электротехника,,,rt.csv
1,пуск,транзит,,,rt.csv
1,пуск,залежи,,,rt.csv
1,пьяница,визирь,,,rt.csv
1,пьяница,реж,,,rt.csv
1,пьяница,констанция,,,rt.csv
1,пьяница,видеокассета,,,rt.csv
1,пьяница,мирза,,,rt.csv
1,пьяница,завтрак,,,rt.csv
1,пьяница,собеседник,,,rt.csv
1,пьяница,петух,,,rt.csv
1,пьяница,памфлет,,,rt.csv
1,пьяница,покаяние,,,rt.csv
1,пьяница,знамение,,,rt.csv
1,пьяница,бытность,,,rt.csv
1,пьяница,геродот,,,rt.csv
1,пьяница,гпу,,,rt.csv
1,пьяница,аллан,,,rt.csv
1,пьяница,никифор,,,rt.csv
1,пьяница,пари,,,rt.csv
1,пьяница,гриффин,,,rt.csv
1,пьяница,тандем,,,rt.csv
1,пьяница,карикатура,,,rt.csv
1,пьяница,фарс,,,rt.csv
1,пьяница,аудиенция,,,rt.csv
1,пьяница,ревность,,,rt.csv
1,радиопередача,люфтваффа,,,rt.csv
1,радиопередача,цензор,,,rt.csv
1,радиопередача,зайцев,,,rt.csv
1,радиопередача,манер,,,rt.csv
1,радиопередача,правозащитник,,,rt.csv
1,радиопередача,бристоль,,,rt.csv
1,радиопередача,мик,,,rt.csv
1,радиопередача,дилан,,,rt.csv
1,радиопередача,крен,,,rt.csv
1,радиопередача,харви,,,rt.csv
1,разливка,арматура,,,rt.csv
1,разливка,экскаватор,,,rt.csv
1,разочарование,ренн,,,rt.csv
1,разочарование,зимбабве,,,rt.csv
1,разочарование,иордан,,,rt.csv
1,разочарование,кокс,,,rt.csv
1,разочарование,эрцгерцог,,,rt.csv
1,распря,палеолит,,,rt.csv
1,распря,иоахим,,,rt.csv
1,распря,феодосия,,,rt.csv
1,распря,вице-король,,,rt.csv
1,распря,властитель,,,rt.csv
1,распря,диверсия,,,rt.csv
1,распря,буддист,,,rt.csv
1,распря,сборщик,,,rt.csv
1,распря,шатер,,,rt.csv
1,растопка,шхуна,,,rt.csv
1,растопка,антарктика,,,rt.csv
1,растопка,клемент,,,rt.csv
1,растопка,снегопад,,,rt.csv
1,ребеночек,диско,,,rt.csv
1,ребеночек,эрл,,,rt.csv
1,ребеночек,штаны,,,rt.csv
1,ребеночек,луковица,,,rt.csv
1,ребеночек,ричи,,,rt.csv
1,ребеночек,гангстер,,,rt.csv
1,ребеночек,произрастание,,,rt.csv
1,ребеночек,колючка,,,rt.csv
1,ребеночек,придаток,,,rt.csv
1,ребеночек,лесбиянка,,,rt.csv
1,ребеночек,теплица,,,rt.csv
1,ребеночек,чердак,,,rt.csv
1,ребеночек,дженни,,,rt.csv
1,ребеночек,аманда,,,rt.csv
1,ребеночек,губка,,,rt.csv
1,ребеночек,эберт,,,rt.csv
1,ребеночек,покрывало,,,rt.csv
1,ребеночек,героин,,,rt.csv
1,ребеночек,примета,,,rt.csv
1,ребеночек,гениталии,,,rt.csv
1,ребеночек,мэрилин,,,rt.csv
1,ребеночек,кактус,,,rt.csv
1,ребеночек,полив,,,rt.csv
1,ребеночек,клубень,,,rt.csv
1,ребеночек,радиоэфир,,,rt.csv
1,ребеночек,гибридизация,,,rt.csv
1,ребеночек,афро,,,rt.csv
1,ребеночек,перевоплощение,,,rt.csv
1,ребеночек,черенок,,,rt.csv
1,ребеночек,синди,,,rt.csv
1,ребеночек,эпифит,,,rt.csv
1,ребеночек,ванесс,,,rt.csv
1,ребеночек,початок,,,rt.csv
1,ребеночек,вегетация,,,rt.csv
1,ребеночек,тоб,,,rt.csv
1,ребеночек,фан-клуб,,,rt.csv
1,ребеночек,габор,,,rt.csv
1,ребеночек,семяпочка,,,rt.csv
1,ребеночек,цветоводство,,,rt.csv
1,ребеночек,капелька,,,rt.csv
1,ребеночек,бородавка,,,rt.csv
1,ребеночек,стог,,,rt.csv
1,резонанс,афанасьев,,,rt.csv
1,резонанс,димитров,,,rt.csv
1,резонанс,катя,,,rt.csv
1,резонанс,патриотизм,,,rt.csv
1,реставратор,карниз,,,rt.csv
1,реставратор,юра,,,rt.csv
1,рубец,диета,,,rt.csv
1,рубец,малярия,,,rt.csv
1,рубец,антибиотик,,,rt.csv
1,рубец,острота,,,rt.csv
1,рубец,пирог,,,rt.csv
1,рубец,пигмент,,,rt.csv
1,рубец,солома,,,rt.csv
1,рубец,образующая,,,rt.csv
1,рэкет,бродяга,,,rt.csv
1,рэкет,палач,,,rt.csv
1,самосовершенствование,йога,,,rt.csv
1,самосовершенствование,проституция,,,rt.csv
1,сближение,борок,,,rt.csv
1,сближение,мкс,,,rt.csv
1,сближение,зинаида,,,rt.csv
1,сближение,штефан,,,rt.csv
1,сближение,баян,,,rt.csv
1,сближение,доменико,,,rt.csv
1,сближение,буржа,,,rt.csv
1,сближение,собирание,,,rt.csv
1,сближение,реймс,,,rt.csv
1,сближение,замедление,,,rt.csv
1,сближение,хантер,,,rt.csv
1,сближение,гегемония,,,rt.csv
1,сближение,ростислав,,,rt.csv
1,сближение,хинди,,,rt.csv
1,сближение,квинт,,,rt.csv
1,сближение,гулаг,,,rt.csv
1,сближение,холмский,,,rt.csv
1,сближение,любляна,,,rt.csv
1,сближение,аэрофлот,,,rt.csv
1,сближение,яссы,,,rt.csv
1,сближение,предстоятель,,,rt.csv
1,сближение,контролер,,,rt.csv
1,сближение,багратион,,,rt.csv
1,сближение,заповедь,,,rt.csv
1,сближение,гелий,,,rt.csv
1,сближение,ливень,,,rt.csv
1,сближение,брежнев,,,rt.csv
1,сближение,градоначальник,,,rt.csv
1,сближение,кингстон,,,rt.csv
1,сближение,прожектор,,,rt.csv
1,сближение,бельгиец,,,rt.csv
1,сближение,спекуляция,,,rt.csv
1,сближение,первоисточник,,,rt.csv
1,священник,ингерманландия,,,rt.csv
1,священник,ховард,,,rt.csv
1,священник,намибия,,,rt.csv
1,священник,чжоу,,,rt.csv
1,священник,выпускница,,,rt.csv
1,священник,коммунар,,,rt.csv
1,священник,игоревич,,,rt.csv
1,священник,европарламент,,,rt.csv
1,священник,победоносец,,,rt.csv
1,священник,вайоминг,,,rt.csv
1,священник,северянин,,,rt.csv
1,священник,нуар,,,rt.csv
1,священник,бенгалия,,,rt.csv
1,священник,кира,,,rt.csv
1,священник,пятигорск,,,rt.csv
1,священник,саламанка,,,rt.csv
1,священник,францисканец,,,rt.csv
1,священник,гомес,,,rt.csv
1,священник,помилование,,,rt.csv
1,священник,наташа,,,rt.csv
1,священник,кубенское,,,rt.csv
1,священник,фея,,,rt.csv
1,священник,суматра,,,rt.csv
1,священник,кельт,,,rt.csv
1,священник,чжа,,,rt.csv
1,священник,двойник,,,rt.csv
1,священник,муравьев,,,rt.csv
1,священник,инк,,,rt.csv
1,священник,борисовна,,,rt.csv
1,священник,тирасполь,,,rt.csv
1,священник,электровоз,,,rt.csv
1,семечко,фонетика,,,rt.csv
1,семечко,роса,,,rt.csv
1,склонность,лаура,,,rt.csv
1,склонность,полчаса,,,rt.csv
1,склонность,долгоруков,,,rt.csv
1,склонность,альбер,,,rt.csv
1,склонность,купюра,,,rt.csv
1,склонность,вэй,,,rt.csv
1,склонность,отпевание,,,rt.csv
1,склонность,популяризатор,,,rt.csv
1,склонность,семестр,,,rt.csv
1,склонность,раздор,,,rt.csv
1,склонность,получатель,,,rt.csv
1,склонность,оригинальность,,,rt.csv
1,склонность,марти,,,rt.csv
1,склонность,нацизм,,,rt.csv
1,склонность,клинок,,,rt.csv
1,склонность,майн,,,rt.csv
1,склонность,регентство,,,rt.csv
1,склонность,витраж,,,rt.csv
1,склонность,маньяк,,,rt.csv
1,склонность,сорокин,,,rt.csv
1,склонность,вольтер,,,rt.csv
1,склонность,партитура,,,rt.csv
1,склонность,сбережение,,,rt.csv
1,склонность,литография,,,rt.csv
1,склонность,гент,,,rt.csv
1,склонность,таран,,,rt.csv
1,склонность,глюкоза,,,rt.csv
1,склонность,поэтика,,,rt.csv
1,склонность,родня,,,rt.csv
1,склонность,амвросий,,,rt.csv
1,слежение,купе,,,rt.csv
1,слежение,веллингтон,,,rt.csv
1,слежение,маунт,,,rt.csv
1,слежение,евпатория,,,rt.csv
1,слежение,пристав,,,rt.csv
1,слежение,микроскоп,,,rt.csv
1,слежение,нептун,,,rt.csv
1,слежение,монро,,,rt.csv
1,слежение,властелин,,,rt.csv
1,слежение,мошенник,,,rt.csv
1,смс,балтия,,,rt.csv
1,смс,телерадиокомпания,,,rt.csv
1,смс,реструктуризация,,,rt.csv
1,согласование,ида,,,rt.csv
1,согласование,моисеевич,,,rt.csv
1,согласование,несение,,,rt.csv
1,согласование,фора,,,rt.csv
1,согласование,удаленность,,,rt.csv
1,согласование,фельдшер,,,rt.csv
1,согласование,лоно,,,rt.csv
1,согласование,стройматериал,,,rt.csv
1,согласование,жребий,,,rt.csv
1,согласование,путепровод,,,rt.csv
1,согласование,пэт,,,rt.csv
1,согласование,уникальность,,,rt.csv
1,согласование,правопреемник,,,rt.csv
1,соображение,грац,,,rt.csv
1,соображение,азы,,,rt.csv
1,соображение,волоколамск,,,rt.csv
1,соображение,электричка,,,rt.csv
1,соображение,горшок,,,rt.csv
1,соображение,сан-марино,,,rt.csv
1,соображение,сообщник,,,rt.csv
1,соображение,марганец,,,rt.csv
1,соображение,болеслав,,,rt.csv
1,соображение,кедр,,,rt.csv
1,соображение,прииск,,,rt.csv
1,соображение,ливония,,,rt.csv
1,соображение,небраска,,,rt.csv
1,соображение,уэмбль,,,rt.csv
1,соображение,берген,,,rt.csv
1,соображение,брамс,,,rt.csv
1,соображение,инженерия,,,rt.csv
1,соображение,шамиль,,,rt.csv
1,соображение,можайск,,,rt.csv
1,соображение,полмиллиона,,,rt.csv
1,соображение,окольничий,,,rt.csv
1,соображение,проектировщик,,,rt.csv
1,соображение,песенник,,,rt.csv
1,соображение,лом,,,rt.csv
1,соображение,маркер,,,rt.csv
1,соображение,камаз,,,rt.csv
1,соображение,проходимость,,,rt.csv
1,соображение,лацио,,,rt.csv
1,соображение,спинка,,,rt.csv
1,соображение,эдмонтон,,,rt.csv
1,соображение,моррисон,,,rt.csv
1,соображение,тошнота,,,rt.csv
1,соображение,каноэ,,,rt.csv
1,соображение,банкнот,,,rt.csv
1,соображение,словенец,,,rt.csv
1,соображение,губернаторство,,,rt.csv
1,соображение,штамп,,,rt.csv
1,соображение,малиновский,,,rt.csv
1,составитель,улан-удэ,,,rt.csv
1,составитель,забвение,,,rt.csv
1,составитель,аллюзия,,,rt.csv
1,составитель,партком,,,rt.csv
1,спб,бриг,,,rt.csv
1,спб,светильник,,,rt.csv
1,спб,магнитогорск,,,rt.csv
1,спб,метрика,,,rt.csv
1,спб,штаб-офицер,,,rt.csv
1,спб,яковлевна,,,rt.csv
1,спб,подошва,,,rt.csv
1,спокойствие,луара,,,rt.csv
1,спокойствие,болтон,,,rt.csv
1,спокойствие,некролог,,,rt.csv
1,спокойствие,иоанновна,,,rt.csv
1,спокойствие,ратификация,,,rt.csv
1,спокойствие,лет,,,rt.csv
1,спокойствие,угнетение,,,rt.csv
1,спокойствие,супергерой,,,rt.csv
1,старость,честер,,,rt.csv
1,старость,филарет,,,rt.csv
1,стимуляция,углевод,,,rt.csv
1,стимуляция,натяжение,,,rt.csv
1,стимуляция,лимфоцит,,,rt.csv
1,стимуляция,вата,,,rt.csv
1,строгость,биохимия,,,rt.csv
1,строгость,траур,,,rt.csv
1,строгость,прилагательное,,,rt.csv
1,строгость,пика,,,rt.csv
1,строгость,топология,,,rt.csv
1,строгость,капитул,,,rt.csv
1,строгость,росси,,,rt.csv
1,строгость,панно,,,rt.csv
1,строгость,скорбь,,,rt.csv
1,строгость,секретность,,,rt.csv
1,судостроитель,головин,,,rt.csv
1,судостроитель,винницкий,,,rt.csv
1,схема,отчетность,,,rt.csv
1,схема,цветонос,,,rt.csv
1,схема,рашид,,,rt.csv
1,такт,акустика,,,rt.csv
1,такт,романтика,,,rt.csv
1,телега,калашников,,,rt.csv
1,телега,козел,,,rt.csv
1,тень,уотсон,,,rt.csv
1,тень,лилль,,,rt.csv
1,тень,фиджи,,,rt.csv
1,тень,расставание,,,rt.csv
1,тень,хьюго,,,rt.csv
1,тень,вар,,,rt.csv
1,тень,фортуна,,,rt.csv
1,тень,мегаполис,,,rt.csv
1,тень,есенин,,,rt.csv
1,тень,абакан,,,rt.csv
1,тень,шрам,,,rt.csv
1,тень,карусель,,,rt.csv
1,тень,артуро,,,rt.csv
1,тень,поля,,,rt.csv
1,тень,автоспорт,,,rt.csv
1,тень,улей,,,rt.csv
1,тень,репродукция,,,rt.csv
1,тень,орион,,,rt.csv
1,тень,линч,,,rt.csv
1,тень,мутант,,,rt.csv
1,тень,резервист,,,rt.csv
1,тирасполь,буковина,,,rt.csv
1,тирасполь,петровка,,,rt.csv
1,торжественность,магдалина,,,rt.csv
1,торжественность,почитатель,,,rt.csv
1,требовательность,оживление,,,rt.csv
1,требовательность,порт-артур,,,rt.csv
1,трусость,фланговый,,,rt.csv
1,трусость,бисмарк,,,rt.csv
1,трусость,пьемонт,,,rt.csv
1,трусость,чекист,,,rt.csv
1,трусость,дюма,,,rt.csv
1,трусость,надобность,,,rt.csv
1,трусость,эдикт,,,rt.csv
1,трусость,узурпатор,,,rt.csv
1,тьма,отрог,,,rt.csv
1,тьма,абориген,,,rt.csv
1,тьма,разграничение,,,rt.csv
1,тьма,стажер,,,rt.csv
1,тьма,рома,,,rt.csv
1,тьма,скрещивание,,,rt.csv
1,тьма,зил,,,rt.csv
1,тьма,константиновна,,,rt.csv
1,тьма,введенский,,,rt.csv
1,тьма,тюз,,,rt.csv
1,тьма,причерноморье,,,rt.csv
1,тьма,медитация,,,rt.csv
1,тьма,райс,,,rt.csv
1,тьма,камп,,,rt.csv
1,тьма,глен,,,rt.csv
1,тьма,смягчение,,,rt.csv
1,тьма,квн,,,rt.csv
1,тьма,брукс,,,rt.csv
1,тьма,лит,,,rt.csv
1,тьма,мика,,,rt.csv
1,тьма,шер,,,rt.csv
1,тьма,краб,,,rt.csv
1,тьма,карате,,,rt.csv
1,тьма,кэрол,,,rt.csv
1,тьма,капеллан,,,rt.csv
1,тьма,романо,,,rt.csv
1,тьма,мегафон,,,rt.csv
1,тьма,пристанище,,,rt.csv
1,тьма,лора,,,rt.csv
1,тьма,старицкий,,,rt.csv
1,тьма,лекарь,,,rt.csv
1,тьма,аркада,,,rt.csv
1,тьма,реквием,,,rt.csv
1,тьма,старение,,,rt.csv
1,тьма,цицерон,,,rt.csv
1,тьма,циркуляция,,,rt.csv
1,тьма,сьюзан,,,rt.csv
1,тьма,гонец,,,rt.csv
1,тьма,купание,,,rt.csv
1,тьма,бетти,,,rt.csv
1,тьма,апокалипсис,,,rt.csv
1,тьма,грибоедов,,,rt.csv
1,тьма,кейптаун,,,rt.csv
1,тьма,генриетта,,,rt.csv
1,тьма,лоза,,,rt.csv
1,тьма,седло,,,rt.csv
1,тьма,тэйлор,,,rt.csv
1,тьма,знаменосец,,,rt.csv
1,тьма,умирающий,,,rt.csv
1,тьма,хара,,,rt.csv
1,тьма,александер,,,rt.csv
1,тьма,гримм,,,rt.csv
1,тьма,ленский,,,rt.csv
1,тьма,самозванец,,,rt.csv
1,тьма,пафос,,,rt.csv
1,тьма,изменник,,,rt.csv
1,тьма,гомосексуальность,,,rt.csv
1,тьма,арбат,,,rt.csv
1,тьма,джентльмен,,,rt.csv
1,тьма,наслаждение,,,rt.csv
1,тьма,вавилов,,,rt.csv
1,тьма,сенокос,,,rt.csv
1,тьма,зиновьев,,,rt.csv
1,тьма,карета,,,rt.csv
1,тьма,курение,,,rt.csv
1,тьма,блейк,,,rt.csv
1,тьма,валуа,,,rt.csv
1,тьма,визуализация,,,rt.csv
1,тьма,эпопея,,,rt.csv
1,тьма,мумия,,,rt.csv
1,тьма,застой,,,rt.csv
1,тьма,ткач,,,rt.csv
1,тьма,ковчег,,,rt.csv
1,тьма,систематизация,,,rt.csv
1,тьма,керри,,,rt.csv
1,тьма,иоанна,,,rt.csv
1,тьма,хиросима,,,rt.csv
1,тьма,курляндия,,,rt.csv
1,тьма,кроссовер,,,rt.csv
1,тьма,сотрудница,,,rt.csv
1,тьма,астма,,,rt.csv
1,тьма,ведро,,,rt.csv
1,тьма,освободитель,,,rt.csv
1,тьма,нимфа,,,rt.csv
1,уговор,вымпел,,,rt.csv
1,уговор,стапель,,,rt.csv
1,уговор,мученица,,,rt.csv
1,уговор,решимость,,,rt.csv
1,уговор,игнатьев,,,rt.csv
1,уговор,чашка,,,rt.csv
1,уговор,одоевский,,,rt.csv
1,уговор,папка,,,rt.csv
1,уговор,тезка,,,rt.csv
1,уговор,покорность,,,rt.csv
1,уговор,сукно,,,rt.csv
1,укрепление,даниловский,,,rt.csv
1,укрепление,функционал,,,rt.csv
1,укрепление,суздаль,,,rt.csv
1,укрепление,истра,,,rt.csv
1,укрепление,замбия,,,rt.csv
1,укрепление,каневский,,,rt.csv
1,укрепление,гипс,,,rt.csv
1,укрепление,каша,,,rt.csv
1,укрепление,отметина,,,rt.csv
1,укрепление,белосток,,,rt.csv
1,укрепление,африканец,,,rt.csv
1,укрепление,чапаев,,,rt.csv
1,укрепление,марксист,,,rt.csv
1,укрепление,перевязь,,,rt.csv
1,укрепление,лесозаготовка,,,rt.csv
1,укрепление,мезень,,,rt.csv
1,укрепление,метис,,,rt.csv
1,укрепление,покровское,,,rt.csv
1,укрепление,юрген,,,rt.csv
1,укрепление,прогнозирование,,,rt.csv
1,укрепление,слалом,,,rt.csv
1,укрепление,баллон,,,rt.csv
1,укрепление,разметка,,,rt.csv
1,укрепление,чарлз,,,rt.csv
1,укрепление,сыворотка,,,rt.csv
1,укрепление,франтишек,,,rt.csv
1,урожай,гос,,,rt.csv
1,фактура,подзаголовок,,,rt.csv
1,фактура,ваяние,,,rt.csv
1,фактура,мендельсон,,,rt.csv
1,фактура,крестьянка,,,rt.csv
1,финиш,биатлонист,,,rt.csv
1,финиш,прописка,,,rt.csv
1,финиш,бобслей,,,rt.csv
1,финиш,михал,,,rt.csv
1,финиш,словак,,,rt.csv
1,финиш,альбион,,,rt.csv
1,финиш,расторжение,,,rt.csv
1,финиш,ретро,,,rt.csv
1,финиш,тобаго,,,rt.csv
1,финиш,боинг,,,rt.csv
1,финиш,кондиционер,,,rt.csv
1,финиш,коляска,,,rt.csv
1,финиш,бернс,,,rt.csv
1,финиш,микки,,,rt.csv
1,финиш,честность,,,rt.csv
1,финиш,буй,,,rt.csv
1,финиш,макао,,,rt.csv
1,финиш,брайтон,,,rt.csv
1,финиш,расинг,,,rt.csv
1,финиш,возгорание,,,rt.csv
1,финиш,киоск,,,rt.csv
1,финиш,клаудио,,,rt.csv
1,финиш,гам,,,rt.csv
1,финиш,модена,,,rt.csv
1,финиш,запорожец,,,rt.csv
1,финиш,брэдли,,,rt.csv
1,хлопок,свая,,,rt.csv
1,хлопок,эколог,,,rt.csv
1,хлопок,благотворитель,,,rt.csv
1,хлопок,апартамент,,,rt.csv
1,хлопок,микс,,,rt.csv
1,хлопок,ричардс,,,rt.csv
1,хлопок,улисс,,,rt.csv
1,хлопок,трансформатор,,,rt.csv
1,хрупкость,кипение,,,rt.csv
1,хрупкость,кобальт,,,rt.csv
1,хрупкость,сушка,,,rt.csv
1,цивилизация,параграф,,,rt.csv
1,цивилизация,рукоять,,,rt.csv
1,челнок,акация,,,rt.csv
1,челнок,челленджер,,,rt.csv
1,челнок,выравнивание,,,rt.csv
1,челнок,майдан,,,rt.csv
1,челнок,квант,,,rt.csv
1,челнок,землянин,,,rt.csv
1,челнок,куинс,,,rt.csv
1,челнок,приостановка,,,rt.csv
1,челнок,ткачество,,,rt.csv
1,челнок,шаттлы,,,rt.csv
1,челнок,спейс,,,rt.csv
1,челнок,исаев,,,rt.csv
1,чилиец,торрес,,,rt.csv
1,шар,транзистор,,,rt.csv
1,шар,короткометражка,,,rt.csv
1,шар,раиса,,,rt.csv
1,шар,гертруда,,,rt.csv
1,шар,регистратор,,,rt.csv
1,шар,кристал,,,rt.csv
1,шар,браслет,,,rt.csv
1,шпала,вульф,,,rt.csv
1,шпала,мясокомбинат,,,rt.csv
1,эволюция,идентификатор,,,rt.csv
1,эволюция,рыло,,,rt.csv
1,экспромт,джойс,,,rt.csv
1,экспромт,ценитель,,,rt.csv
1,эстамп,колоннада,,,rt.csv
1,эстамп,уткин,,,rt.csv
1,эстамп,библиофил,,,rt.csv
1,ягода,ахматова,,,rt.csv
1,ягода,наращивание,,,rt.csv
1,ягода,колыма,,,rt.csv
1,ягода,обрамление,,,rt.csv
1,ягода,гуляние,,,rt.csv
1,ягода,данила,,,rt.csv
1,ягода,перегруппировка,,,rt.csv
